[
  {
    "site": "Internshala",
    "title": "Inside Sales Specialist",
    "companyName": "Skill-Lync",
    "link": "https://internshala.com/job/detail/inside-sales-specialist-fresher-jobs-in-multiple-locations-at-skill-lync1677762021",
    "location": [
      "Delhi",
      "Bangalore",
      "Hyderabad",
      "Chennai"
    ],
    "description": ""
  },
  {
    "site": "Internshala",
    "title": "Sales & Marketing",
    "companyName": "Proxbotics Creation Technologies",
    "link": "https://internshala.com/internship/detail/sales-marketing-internship-in-jaipur-at-proxbotics-creation-technologies1677568289",
    "location": [
      "Jaipur"
    ],
    "stipend": "10,000-12,000 /month",
    "description": ""
  },
  {
    "site": "Internshala",
    "title": "Sales",
    "companyName": "Internshala Trainings",
    "link": "https://internshala.com/internship/detail/sales-internship-in-gurgaon-at-internshala-trainings1679313488",
    "location": [
      "Gurgaon"
    ],
    "stipend": "20,000 /month",
    "description": ""
  },
  {
    "site": "Internshala",
    "title": "Fundraising",
    "companyName": "Tare Zameen Foundation",
    "link": "https://internshala.com/internship/detail/fundraising-work-from-home-job-internship-at-tare-zameen-foundation1678935293",
    "location": [
      "Work From Home"
    ],
    "stipend": "1,000 /month +  Incentives",
    "description": ""
  },
  {
    "site": "Internshala",
    "title": "Campus Ambassador",
    "companyName": "Careers360",
    "link": "https://internshala.com/internship/detail/campus-ambassador-programme-at-careers3601679483589",
    "location": [
      "Work From Home"
    ],
    "stipend": "Performance Based",
    "description": ""
  },
  {
    "site": "Internshala",
    "title": "Talent Acquisition",
    "companyName": "Triumph System And Solutions Private Limited",
    "link": "https://internshala.com/internship/detail/talent-acquisition-internship-in-mumbai-at-triumph-system-and-solutions-private-limited1679652624",
    "location": [
      "Mumbai"
    ],
    "stipend": "10,000-15,000 /month",
    "description": ""
  },
  {
    "site": "Internshala",
    "title": "Telecalling",
    "companyName": "Lead Mines Media",
    "link": "https://internshala.com/internship/detail/telecalling-work-from-home-job-internship-at-lead-mines-media1678702641",
    "location": [
      "Work From Home"
    ],
    "stipend": "8,000 /month",
    "description": ""
  },
  {
    "site": "Internshala",
    "title": "Mechanical Engineering (TBS Project)",
    "companyName": "HaZZten",
    "link": "https://internshala.com/internship/detail/mechanical-engineering-tbs-project-work-from-home-job-internship-at-hazzten1678702562",
    "location": [
      "Work From Home"
    ],
    "stipend": "18,000-24,000 /month",
    "description": ""
  },
  {
    "site": "Internshala",
    "title": "Social Media Marketing (Meme Curation)",
    "companyName": "StockGro Club",
    "link": "https://internshala.com/internship/detail/social-media-marketing-meme-curation-work-from-home-job-internship-at-stockgro-club1678082154",
    "location": [
      "Work From Home"
    ],
    "stipend": "1,00,000 /month",
    "description": ""
  },
  {
    "site": "Internshala",
    "title": "Inside Sales Specialist",
    "companyName": "Skill-Lync",
    "link": "https://internshala.com/internship/detail/inside-sales-specialist-internship-in-chennai-at-skill-lync1678881760",
    "location": [
      "Chennai"
    ],
    "stipend": "18,000 /month",
    "description": ""
  },
  {
    "site": "Internshala",
    "title": "Social Entrepreneurship",
    "companyName": "Hamari Pahchan NGO",
    "link": "https://internshala.com/internship/detail/social-entrepreneurship-work-from-home-job-internship-at-hamari-pahchan-ngo1677580343",
    "location": [
      "Work From Home"
    ],
    "stipend": "Unpaid",
    "description": ""
  },
  {
    "site": "Internshala",
    "title": "Website Designing",
    "companyName": "GEMA Education Technology Private Limited",
    "link": "https://internshala.com/internship/detail/website-designing-work-from-home-job-internship-at-gema-education-technology-private-limited1679769754",
    "location": [
      "Work From Home"
    ],
    "stipend": "1,000 /month",
    "description": ""
  },
  {
    "site": "Internshala",
    "title": "Business Development (Sales)",
    "companyName": "Fusion Beauty",
    "link": "https://internshala.com/internship/detail/business-development-sales-internship-in-delhi-at-fusion-beauty1679747439",
    "location": [
      "Delhi"
    ],
    "stipend": "10,000-20,000 /month",
    "description": ""
  },
  {
    "site": "Internshala",
    "title": "Client Relationship Management",
    "companyName": "Fusion Beauty",
    "link": "https://internshala.com/internship/detail/client-relationship-management-internship-in-noida-delhi-at-fusion-beauty1679748783",
    "location": [
      "Noida",
      "Delhi"
    ],
    "stipend": "10,000-18,000 /month",
    "description": ""
  },
  {
    "site": "Internshala",
    "title": "Video Making/Editing",
    "companyName": "Hamari Pahchan NGO",
    "link": "https://internshala.com/internship/detail/video-making-editing-internship-in-delhi-at-hamari-pahchan-ngo1679741514",
    "location": [
      "Delhi"
    ],
    "stipend": "2,000-6,000 /month",
    "description": ""
  },
  {
    "site": "Internshala",
    "title": "Relationship Management",
    "companyName": "Fusion Beauty",
    "link": "https://internshala.com/internship/detail/relationship-management-internship-in-delhi-at-fusion-beauty1679747431",
    "location": [
      "Delhi"
    ],
    "stipend": "10,000-15,000 /month",
    "description": ""
  },
  {
    "site": "Internshala",
    "title": "Telecalling RSVP (No-Sales)",
    "companyName": "Fusion Beauty",
    "link": "https://internshala.com/internship/detail/telecalling-rsvp-no-sales-internship-in-delhi-noida-at-fusion-beauty1679747409",
    "location": [
      "Delhi",
      "Noida"
    ],
    "stipend": "10,000-15,000 /month",
    "description": ""
  },
  {
    "site": "Internshala",
    "title": "Lead Generation (Telecalling)",
    "companyName": "Fusion Beauty",
    "link": "https://internshala.com/internship/detail/lead-generation-telecalling-internship-in-multiple-locations-at-fusion-beauty1679747422",
    "location": [
      "Faridabad",
      "Delhi",
      "Gurgaon",
      "Noida"
    ],
    "stipend": "10,000-15,000 /month",
    "description": ""
  },
  {
    "site": "Internshala",
    "title": "Strategic Alliance & Marketing",
    "companyName": "IIDE Education Private Limited",
    "link": "https://internshala.com/internship/detail/strategic-alliance-marketing-internship-in-mumbai-at-iide-education-private-limited1679740976",
    "location": [
      "Mumbai"
    ],
    "stipend": "5,000 /month",
    "description": ""
  },
  {
    "site": "Internshala",
    "title": "Ecommerce Catalog Management",
    "companyName": "Seller Square",
    "link": "https://internshala.com/internship/detail/ecommerce-catalog-management-internship-in-bangalore-at-seller-square1679747733",
    "location": [
      "Bangalore"
    ],
    "stipend": "12,000 /month",
    "description": ""
  },
  {
    "site": "Internshala",
    "title": "Content Writing",
    "companyName": "Hamari Pahchan NGO",
    "link": "https://internshala.com/internship/detail/content-writing-internship-in-delhi-at-hamari-pahchan-ngo1679741415",
    "location": [
      "Delhi"
    ],
    "stipend": "2,500-6,000 /month",
    "description": ""
  },
  {
    "site": "Internshala",
    "title": "Social Media Marketing",
    "companyName": "TrakAff",
    "link": "https://internshala.com/internship/detail/social-media-marketing-internship-in-delhi-at-trakaff1679742900",
    "location": [
      "Delhi"
    ],
    "stipend": "5,000 /month",
    "description": ""
  },
  {
    "site": "Internshala",
    "title": "Field Sales",
    "companyName": "Doodhvale",
    "link": "https://internshala.com/internship/detail/field-sales-internship-in-noida-at-doodhvale1679738557",
    "location": [
      "Noida"
    ],
    "stipend": "7,000 /month +  Incentives",
    "description": ""
  },
  {
    "site": "Internshala",
    "title": "Textile Design",
    "companyName": "Rangoli Furnishings Private Limited",
    "link": "https://internshala.com/internship/detail/textile-design-internship-in-kundli-at-rangoli-furnishings-private-limited1679740669",
    "location": [
      "Kundli"
    ],
    "stipend": "10,000-18,000 /month",
    "description": ""
  },
  {
    "site": "Internshala",
    "title": "Customer Care",
    "companyName": "Doodhvale",
    "link": "https://internshala.com/internship/detail/customer-care-internship-in-delhi-at-doodhvale1679741003",
    "location": [
      "Delhi"
    ],
    "stipend": "6,000 /month +  Incentives",
    "description": ""
  },
  {
    "site": "Internshala",
    "title": "Business Development",
    "companyName": "ProU- Study Abroad And Internships",
    "link": "https://internshala.com/internship/detail/business-development-internship-in-bangalore-at-prou-study-abroad-and-internships1679741141",
    "location": [
      "Bangalore"
    ],
    "stipend": "15,000 /month",
    "description": ""
  },
  {
    "site": "Internshala",
    "title": "Marketing Research",
    "companyName": "Physics Wallah",
    "link": "https://internshala.com/internship/detail/marketing-research-internship-in-delhi-noida-at-physics-wallah1679740860",
    "location": [
      "Delhi",
      "Noida"
    ],
    "stipend": "15,000 /month",
    "description": ""
  },
  {
    "site": "Internshala",
    "title": "Business Development (Sales)",
    "companyName": "Seller Square",
    "link": "https://internshala.com/internship/detail/business-development-sales-internship-in-bangalore-at-seller-square1679744687",
    "location": [
      "Bangalore"
    ],
    "stipend": "15,000 /month +  Incentives",
    "description": ""
  },
  {
    "site": "Internshala",
    "title": "Front Desk Counseling-cum-Calling",
    "companyName": "Siddhi Professionals",
    "link": "https://internshala.com/internship/detail/front-desk-counseling-cum-calling-internship-in-thane-at-siddhi-professionals1679741303",
    "location": [
      "Thane"
    ],
    "stipend": "10,000 /month +  Incentives",
    "description": ""
  },
  {
    "site": "Internshala",
    "title": "Management",
    "companyName": "Gloval International",
    "link": "https://internshala.com/internship/detail/management-internship-in-mumbai-at-gloval-international1679740962",
    "location": [
      "Mumbai"
    ],
    "stipend": "8,000-15,000 /month",
    "description": ""
  },
  {
    "site": "Internshala",
    "title": "Graphic Design",
    "companyName": "Hamari Pahchan NGO",
    "link": "https://internshala.com/internship/detail/graphic-design-internship-in-delhi-at-hamari-pahchan-ngo1679741462",
    "location": [
      "Delhi"
    ],
    "stipend": "5,000-8,000 /month",
    "description": ""
  },
  {
    "site": "Internshala",
    "title": "Graphic Design",
    "companyName": "Expertrons",
    "link": "https://internshala.com/internship/detail/graphic-design-internship-in-mumbai-at-expertrons1679745872",
    "location": [
      "Mumbai"
    ],
    "stipend": "12,000-15,000 /month",
    "description": ""
  },
  {
    "site": "Internshala",
    "title": "Cinematography And Editing",
    "companyName": "Gloval International",
    "link": "https://internshala.com/internship/detail/cinematography-and-editing-internship-in-mumbai-at-gloval-international1679733640",
    "location": [
      "Mumbai"
    ],
    "stipend": "8,000-12,000 /month",
    "description": ""
  },
  {
    "site": "Internshala",
    "title": "Law/Legal",
    "companyName": "ClearTax",
    "link": "https://internshala.com/internship/detail/law-legal-internship-in-bangalore-at-cleartax1679742769",
    "location": [
      "Bangalore"
    ],
    "stipend": "15,000-20,000 /month",
    "description": ""
  },
  {
    "site": "Internshala",
    "title": "Mobile App Development (React Native)",
    "companyName": "Omikron Technologies Private Limited",
    "link": "https://internshala.com/internship/detail/mobile-app-development-react-native-work-from-home-job-internship-at-omikron-technologies-private-limited1679756435",
    "location": [
      "Work From Home"
    ],
    "stipend": "10,000 /month",
    "description": ""
  },
  {
    "site": "Internshala",
    "title": "Field Sales",
    "companyName": "Doodhvale",
    "link": "https://internshala.com/internship/detail/field-sales-internship-in-gurgaon-at-doodhvale1679729626",
    "location": [
      "Gurgaon"
    ],
    "stipend": "7,000 /month",
    "description": ""
  },
  {
    "site": "Internshala",
    "title": "Market Research And Outreach",
    "companyName": "IIDE Education Private Limited",
    "link": "https://internshala.com/internship/detail/market-research-and-outreach-internship-in-mumbai-at-iide-education-private-limited1679733294",
    "location": [
      "Mumbai"
    ],
    "stipend": "5,000 /month",
    "description": ""
  },
  {
    "site": "Internshala",
    "title": "Sales and Marketing",
    "companyName": "AegisCovenant",
    "link": "https://internshala.com/internship/detail/sales-and-marketing-internship-in-gurgaon-at-aegiscovenant1679680251",
    "location": [
      "Gurgaon"
    ],
    "stipend": "15,000 /month",
    "description": ""
  },
  {
    "site": "Internshala",
    "title": "Operations",
    "companyName": "ClearTax",
    "link": "https://internshala.com/internship/detail/operations-internship-in-bangalore-at-cleartax1679742488",
    "location": [
      "Bangalore"
    ],
    "stipend": "15,000 /month",
    "description": ""
  },
  {
    "site": "Internshala",
    "title": "WordPress Development",
    "companyName": "TrakAff",
    "link": "https://internshala.com/internship/detail/wordpress-development-internship-in-delhi-at-trakaff1679742953",
    "location": [
      "Delhi"
    ],
    "stipend": "5,000 /month",
    "description": ""
  },
  {
    "site": "Internshala",
    "title": "Data Entry",
    "companyName": "Gloval International",
    "link": "https://internshala.com/internship/detail/data-entry-internship-in-mumbai-at-gloval-international1679739463",
    "location": [
      "Mumbai"
    ],
    "stipend": "8,000-12,000 /month",
    "description": ""
  },
  {
    "site": "Internshala",
    "title": "Telecalling",
    "companyName": "Peppermint Communications Private Limited",
    "link": "https://internshala.com/internship/detail/telecalling-internship-in-kalyan-at-peppermint-communications-private-limited1679728020",
    "location": [
      "Kalyan"
    ],
    "stipend": "8,000 /month",
    "description": ""
  },
  {
    "site": "Internshala",
    "title": "Customer Experience",
    "companyName": "Moretasks Business Solution Limited",
    "link": "https://internshala.com/internship/detail/customer-experience-internship-in-gurgaon-at-moretasks-business-solution-limited1679727769",
    "location": [
      "Gurgaon"
    ],
    "stipend": "20,000-40,000 /month",
    "description": ""
  },
  {
    "site": "Internshala",
    "title": "Business Analysis",
    "companyName": "InGen Dynamics Inc. (Part Of AH Dynamics And Robotics Private Limited)",
    "link": "https://internshala.com/internship/detail/business-analysis-internship-in-bangalore-at-ingen-dynamics-inc-part-of-ah-dynamics-and-robotics-private-limited1679722891",
    "location": [
      "Bangalore"
    ],
    "stipend": "2,000 /month",
    "description": ""
  },
  {
    "site": "Internshala",
    "title": "Logistics",
    "companyName": "Arcatron Mobility Private Limited",
    "link": "https://internshala.com/internship/detail/logistics-internship-in-pune-at-arcatron-mobility-private-limited1679726765",
    "location": [
      "Pune"
    ],
    "stipend": "15,000 /month",
    "description": ""
  },
  {
    "site": "Internshala",
    "title": "Architecture",
    "companyName": "ArchSlate",
    "link": "https://internshala.com/internship/detail/architecture-work-from-home-job-internship-at-archslate1679742261",
    "location": [
      "Work From Home"
    ],
    "stipend": "12,000 /month",
    "description": ""
  },
  {
    "site": "Internshala",
    "title": "Videography",
    "companyName": "Team Car Delight",
    "link": "https://internshala.com/internship/detail/videography-internship-in-delhi-at-team-car-delight1679717968",
    "location": [
      "Delhi"
    ],
    "stipend": "4,000-8,500 /month",
    "description": ""
  },
  {
    "site": "Internshala",
    "title": "Telecalling",
    "companyName": "Urban Company",
    "link": "https://internshala.com/internship/detail/telecalling-internship-in-jaipur-at-urban-company1679668304",
    "location": [
      "Jaipur"
    ],
    "stipend": "15,000 /month",
    "description": ""
  },
  {
    "site": "Internshala",
    "title": "Customer Acquisition",
    "companyName": "IJRDO Journal",
    "link": "https://internshala.com/internship/detail/customer-acquisition-internship-in-gurgaon-at-ijrdo-journal1679644078",
    "location": [
      "Gurgaon"
    ],
    "stipend": "8,000-12,000 /month",
    "description": ""
  },
  {
    "site": "Internshala",
    "title": "Merchandising & Sourcing",
    "companyName": "Peppermint Communications Private Limited",
    "link": "https://internshala.com/internship/detail/merchandising-sourcing-internship-in-multiple-locations-at-peppermint-communications-private-limited1679720366",
    "location": [
      "Pune",
      "Ulhasnagar",
      "Dombivli",
      "Kalyan",
      "Bhiwandi",
      "Ambernath"
    ],
    "stipend": "10,000 /month",
    "description": ""
  },
  {
    "site": "Internshala",
    "title": "Embedded Hardware Engineering",
    "companyName": "InGen Dynamics Inc. (Part Of AH Dynamics And Robotics Private Limited)",
    "link": "https://internshala.com/internship/detail/embedded-hardware-engineering-internship-in-kozhikode-bangalore-at-ingen-dynamics-inc-part-of-ah-dynamics-and-robotics-private-limited1679720188",
    "location": [
      "Kozhikode",
      "Bangalore"
    ],
    "stipend": "3,000 /month",
    "description": ""
  },
  {
    "site": "Internshala",
    "title": "Inside Sales Specialist",
    "companyName": "Skill-Lync",
    "link": "https://internshala.com/job/detail/inside-sales-specialist-fresher-jobs-in-multiple-locations-at-skill-lync1677762021",
    "location": [
      "Delhi",
      "Bangalore",
      "Hyderabad",
      "Chennai"
    ],
    "description": ""
  },
  {
    "site": "Internshala",
    "title": "Social Media",
    "companyName": "9Heaven",
    "link": "https://internshala.com/internship/detail/social-media-internship-in-delhi-at-9heaven1679728158",
    "location": [
      "Delhi"
    ],
    "stipend": "5,000 /month",
    "description": ""
  },
  {
    "site": "Internshala",
    "title": "Digital Marketing",
    "companyName": "Gloval International",
    "link": "https://internshala.com/internship/detail/digital-marketing-part-time-job-internship-at-mumbai-in-gloval-international1679738402",
    "location": [
      "Mumbai"
    ],
    "stipend": "8,000-12,000 /month",
    "description": ""
  },
  {
    "site": "Internshala",
    "title": "Search Engine Optimization (SEO)",
    "companyName": "RankerZ Media",
    "link": "https://internshala.com/internship/detail/search-engine-optimization-seo-work-from-home-job-internship-at-rankerz-media1679763434",
    "location": [
      "Work From Home"
    ],
    "stipend": "7,000-10,000 /month",
    "description": ""
  },
  {
    "site": "Internshala",
    "title": "Automation Testing",
    "companyName": "ExactSpace",
    "link": "https://internshala.com/internship/detail/automation-testing-internship-in-bangalore-at-exactspace1679763378",
    "location": [
      "Bangalore"
    ],
    "stipend": "15,000 /month",
    "description": ""
  },
  {
    "site": "Internshala",
    "title": "Search Engine Optimization (SEO)",
    "companyName": "Rankkking",
    "link": "https://internshala.com/internship/detail/search-engine-optimization-seo-work-from-home-job-internship-at-rankkking1679763103",
    "location": [
      "Work From Home"
    ],
    "stipend": "6,000 /month",
    "description": ""
  },
  {
    "site": "Internshala",
    "title": "Graphic Design",
    "companyName": "Bixaa Design",
    "link": "https://internshala.com/internship/detail/graphic-design-work-from-home-job-internship-at-bixaa-design1679769477",
    "location": [
      "Work From Home"
    ],
    "stipend": "1,000 /month",
    "description": ""
  },
  {
    "site": "Internshala",
    "title": "Android App Development",
    "companyName": "Mittihub",
    "link": "https://internshala.com/internship/detail/android-app-development-work-from-home-job-internship-at-mittihub1679759241",
    "location": [
      "Work From Home"
    ],
    "stipend": "1,500-3,000 /month",
    "description": ""
  },
  {
    "site": "Internshala",
    "title": "Content Writing (News)",
    "companyName": "Manufactur3D",
    "link": "https://internshala.com/internship/detail/content-writing-news-work-from-home-job-internship-at-manufactur3d1679758420",
    "location": [
      "Work From Home"
    ],
    "stipend": "6,000-8,000 /month",
    "description": ""
  },
  {
    "site": "Internshala",
    "title": "Fashion Design",
    "companyName": "Tanmay Garments",
    "link": "https://internshala.com/internship/detail/fashion-design-part-time-job-internship-at-delhi-in-tanmay-garments1679758236",
    "location": [
      "Delhi"
    ],
    "stipend": "5,000-10,000 /month",
    "description": ""
  },
  {
    "site": "Internshala",
    "title": "Human Resources (HR)",
    "companyName": "TMHM Consulting Services Private Limited",
    "link": "https://internshala.com/internship/detail/human-resources-hr-part-time-job-internship-at-hyderabad-in-tmhm-consulting-services-private-limited1679758032",
    "location": [
      "Hyderabad"
    ],
    "stipend": "3,000-5,000 /month",
    "description": ""
  },
  {
    "site": "Internshala",
    "title": "Inside Sales Coordination",
    "companyName": "Prime Infoserv LLP",
    "link": "https://internshala.com/internship/detail/inside-sales-coordination-work-from-home-job-internship-at-prime-infoserv-llp1679757292",
    "location": [
      "Work From Home"
    ],
    "stipend": "5,000 /month",
    "description": ""
  },
  {
    "site": "Internshala",
    "title": "Graphic Design",
    "companyName": "Styroplast Trading Private Limited",
    "link": "https://internshala.com/internship/detail/graphic-design-work-from-home-job-internship-at-styroplast-trading-private-limited1679757251",
    "location": [
      "Work From Home"
    ],
    "stipend": "5,000 /month",
    "description": ""
  },
  {
    "site": "Internshala",
    "title": "Telecalling",
    "companyName": "Prime Infoserv LLP",
    "link": "https://internshala.com/internship/detail/telecalling-work-from-home-job-internship-at-prime-infoserv-llp1679757242",
    "location": [
      "Work From Home"
    ],
    "stipend": "5,000 /month",
    "description": ""
  },
  {
    "site": "Internshala",
    "title": "Human Resources (HR)",
    "companyName": "Prime Infoserv LLP",
    "link": "https://internshala.com/internship/detail/human-resources-hr-work-from-home-job-internship-at-prime-infoserv-llp1679757188",
    "location": [
      "Work From Home"
    ],
    "stipend": "5,000 /month",
    "description": ""
  },
  {
    "site": "Internshala",
    "title": "Human Resources (HR)",
    "companyName": "Peoplecom Private Limited",
    "link": "https://internshala.com/internship/detail/human-resources-hr-internship-in-bangalore-at-peoplecom-private-limited1679756957",
    "location": [
      "Bangalore"
    ],
    "stipend": "8,000 /month",
    "description": ""
  },
  {
    "site": "Internshala",
    "title": "Animation",
    "companyName": "Peoplecom Private Limited",
    "link": "https://internshala.com/internship/detail/animation-internship-in-bangalore-at-peoplecom-private-limited1679756784",
    "location": [
      "Bangalore"
    ],
    "stipend": "8,000 /month",
    "description": ""
  },
  {
    "site": "Internshala",
    "title": "Digital Marketing",
    "companyName": "Bracelet Productions",
    "link": "https://internshala.com/internship/detail/digital-marketing-work-from-home-job-internship-at-bracelet-productions1679755385",
    "location": [
      "Work From Home"
    ],
    "stipend": "2,000 /month",
    "description": ""
  },
  {
    "site": "Internshala",
    "title": "Content Writing",
    "companyName": "Unibask",
    "link": "https://internshala.com/internship/detail/content-writing-work-from-home-job-internship-at-unibask1679754545",
    "location": [
      "Work From Home"
    ],
    "stipend": "6,000-8,000 /month",
    "description": ""
  },
  {
    "site": "Internshala",
    "title": "UI/UX Design",
    "companyName": "Earthly Sustainable Solutions Limited",
    "link": "https://internshala.com/internship/detail/ui-ux-design-work-from-home-job-internship-at-earthly-sustainable-solutions-limited1679753669",
    "location": [
      "Work From Home"
    ],
    "stipend": "10,000-15,000 /month",
    "description": ""
  },
  {
    "site": "Internshala",
    "title": "Business Analytics (Health Care Domain)",
    "companyName": "JVS Group",
    "link": "https://internshala.com/internship/detail/business-analytics-health-care-domain-internship-in-ahmedabad-at-jvs-group1679752947",
    "location": [
      "Ahmedabad"
    ],
    "stipend": "10,000 /month",
    "description": ""
  },
  {
    "site": "Internshala",
    "title": "Business Analysis",
    "companyName": "BizWizard Venture Analysis",
    "link": "https://internshala.com/internship/detail/business-analysis-work-from-home-job-internship-at-bizwizard-venture-analysis1679751847",
    "location": [
      "Work From Home"
    ],
    "stipend": "3,000 /month",
    "description": ""
  },
  {
    "site": "Internshala",
    "title": "Graphic Design",
    "companyName": "Artklim",
    "link": "https://internshala.com/internship/detail/graphic-design-internship-in-faridabad-delhi-at-artklim1679750725",
    "location": [
      "Faridabad",
      "Delhi"
    ],
    "stipend": "8,000-12,000 /month",
    "description": ""
  },
  {
    "site": "Internshala",
    "title": "Video Making/Editing",
    "companyName": "Simplified With Ashish",
    "link": "https://internshala.com/internship/detail/video-making-editing-work-from-home-job-internship-at-simplified-with-ashish1679681034",
    "location": [
      "Work From Home"
    ],
    "stipend": "5,000 /month",
    "description": ""
  },
  {
    "site": "Internshala",
    "title": "Backend Development (Laravel)",
    "companyName": "Omikron Technologies Private Limited",
    "link": "https://internshala.com/internship/detail/backend-development-laravel-work-from-home-job-internship-at-omikron-technologies-private-limited1679756390",
    "location": [
      "Work From Home"
    ],
    "stipend": "10,000 /month",
    "description": ""
  },
  {
    "site": "Internshala",
    "title": "Social Media Marketing",
    "companyName": "Yash Anand",
    "link": "https://internshala.com/internship/detail/social-media-marketing-part-time-job-internship-at-gwalior-in-yash-anand1679756341",
    "location": [
      "Gwalior"
    ],
    "stipend": "5,000 /month",
    "description": ""
  },
  {
    "site": "Internshala",
    "title": "Social Media Marketing",
    "companyName": "Axel Innovations",
    "link": "https://internshala.com/internship/detail/social-media-marketing-work-from-home-job-internship-at-axel-innovations1679748988",
    "location": [
      "Work From Home"
    ],
    "stipend": "5,000-6,500 /month",
    "description": ""
  },
  {
    "site": "Internshala",
    "title": "Digital Marketing",
    "companyName": "RAVENDISE",
    "link": "https://internshala.com/internship/detail/digital-marketing-internship-in-pune-pimpri-chinchwad-at-ravendise1679748936",
    "location": [
      "Pune",
      "Pimpri-Chinchwad"
    ],
    "stipend": "5,000-15,000 /month",
    "description": ""
  },
  {
    "site": "Internshala",
    "title": "Talent Acquisition",
    "companyName": "ElectricPe",
    "link": "https://internshala.com/internship/detail/talent-acquisition-internship-in-bangalore-at-electricpe1679748602",
    "location": [
      "Bangalore"
    ],
    "stipend": "15,000 /month",
    "description": ""
  },
  {
    "site": "Internshala",
    "title": "UI/UX Design",
    "companyName": "Mynd Solutions Private Limited",
    "link": "https://internshala.com/internship/detail/ui-ux-design-internship-in-gurgaon-at-mynd-solutions-private-limited1679716403",
    "location": [
      "Gurgaon"
    ],
    "stipend": "20,000 /month",
    "description": ""
  },
  {
    "site": "Internshala",
    "title": "Fundraising",
    "companyName": "Jankalyan Multipurpose Education Society",
    "link": "https://internshala.com/internship/detail/fundraising-work-from-home-job-internship-at-jankalyan-multipurpose-education-society1679754176",
    "location": [
      "Work From Home"
    ],
    "stipend": "Unpaid",
    "description": ""
  },
  {
    "site": "Internshala",
    "title": "Graphic Design",
    "companyName": "Teambees Corp",
    "link": "https://internshala.com/internship/detail/graphic-design-internship-in-delhi-at-teambees-corp1679753771",
    "location": [
      "Delhi"
    ],
    "stipend": "3,000-10,000 /month",
    "description": ""
  },
  {
    "site": "Internshala",
    "title": "Social Media Marketing",
    "companyName": "Asian Aura",
    "link": "https://internshala.com/internship/detail/social-media-marketing-part-time-job-internship-at-delhi-in-asian-aura1679746509",
    "location": [
      "Delhi"
    ],
    "stipend": "4,000-8,000 /month",
    "description": ""
  },
  {
    "site": "Internshala",
    "title": "Human Resources (HR)",
    "companyName": "Unique Org",
    "link": "https://internshala.com/internship/detail/human-resources-hr-internship-in-chennai-at-unique-org1679746226",
    "location": [
      "Chennai"
    ],
    "stipend": "2,000-5,000 /month",
    "description": ""
  },
  {
    "site": "Internshala",
    "title": "Laraval Development",
    "companyName": "Royind Future",
    "link": "https://internshala.com/internship/detail/laraval-development-work-from-home-job-internship-at-royind-future1679753434",
    "location": [
      "Work From Home"
    ],
    "stipend": "3,000 /month",
    "description": ""
  },
  {
    "site": "Internshala",
    "title": "Sampling & Production",
    "companyName": "Creatnet Services Limited",
    "link": "https://internshala.com/internship/detail/sampling-production-internship-in-noida-at-creatnet-services-limited1679746146",
    "location": [
      "Noida"
    ],
    "stipend": "5,000 /month",
    "description": ""
  },
  {
    "site": "Internshala",
    "title": "Event Management",
    "companyName": "Paintology By Vinisha Savla",
    "link": "https://internshala.com/internship/detail/event-management-internship-in-mumbai-at-paintology-by-vinisha-savla1679753359",
    "location": [
      "Mumbai"
    ],
    "stipend": "7,000 /month",
    "description": ""
  },
  {
    "site": "Internshala",
    "title": "Online Marketing",
    "companyName": "ConfabPro",
    "link": "https://internshala.com/internship/detail/online-marketing-work-from-home-job-internship-at-confabpro1679746104",
    "location": [
      "Work From Home"
    ],
    "stipend": "7,000 /month",
    "description": ""
  },
  {
    "site": "Internshala",
    "title": "Word Formatting & Editing (Educational Content)",
    "companyName": "Contour Education",
    "link": "https://internshala.com/internship/detail/word-formatting-editing-educational-content-work-from-home-job-internship-at-contour-education1679753221",
    "location": [
      "Work From Home"
    ],
    "stipend": "9,000 /month +  Incentives",
    "description": ""
  },
  {
    "site": "Internshala",
    "title": "Web Development",
    "companyName": "Stock Gurukul",
    "link": "https://internshala.com/internship/detail/web-development-internship-in-bhopal-at-stock-gurukul1679753195",
    "location": [
      "Bhopal"
    ],
    "stipend": "2,000-5,000 /month",
    "description": ""
  },
  {
    "site": "Internshala",
    "title": "Inside Sales Specialist",
    "companyName": "Skill-Lync",
    "link": "https://internshala.com/job/detail/inside-sales-specialist-fresher-jobs-in-multiple-locations-at-skill-lync1677762021",
    "location": [
      "Delhi",
      "Bangalore",
      "Hyderabad",
      "Chennai"
    ],
    "description": ""
  },
  {
    "site": "Internshala",
    "title": "Web Development",
    "companyName": "Stock Gurukul",
    "link": "https://internshala.com/internship/detail/web-development-part-time-job-internship-at-bhopal-in-stock-gurukul1679752964",
    "location": [
      "Bhopal"
    ],
    "stipend": "2,000-5,000 /month",
    "description": ""
  },
  {
    "site": "Internshala",
    "title": "Business Development (Sales)",
    "companyName": "IndoAge",
    "link": "https://internshala.com/internship/detail/business-development-sales-internship-in-kolkata-at-indoage1679711159",
    "location": [
      "Kolkata"
    ],
    "stipend": "5,000 /month",
    "description": ""
  },
  {
    "site": "Internshala",
    "title": "Digital Marketing",
    "companyName": "IndoAge",
    "link": "https://internshala.com/internship/detail/digital-marketing-internship-in-kolkata-at-indoage1679752249",
    "location": [
      "Kolkata"
    ],
    "stipend": "5,000 /month",
    "description": ""
  },
  {
    "site": "Internshala",
    "title": "Human Resources (HR)",
    "companyName": "AH Career Private Limited",
    "link": "https://internshala.com/internship/detail/human-resources-hr-work-from-home-job-internship-at-ah-career-private-limited1679744989",
    "location": [
      "Work From Home"
    ],
    "stipend": "1,000 /month",
    "description": ""
  },
  {
    "site": "Internshala",
    "title": "Operations",
    "companyName": "Sachin Sharma",
    "link": "https://internshala.com/internship/detail/operations-work-from-home-job-internship-at-sachin-sharma1679744220",
    "location": [
      "Work From Home"
    ],
    "stipend": "2,500 /month",
    "description": ""
  },
  {
    "site": "Internshala",
    "title": "Stock, Forex And Commodity Analysis",
    "companyName": "IndiaHedge",
    "link": "https://internshala.com/internship/detail/stock-forex-and-commodity-analysis-work-from-home-job-internship-at-indiahedge1679743126",
    "location": [
      "Work From Home"
    ],
    "stipend": "1,000 /month +  Incentives",
    "description": ""
  },
  {
    "site": "Internshala",
    "title": "Web Development",
    "companyName": "ACP IT ZONE",
    "link": "https://internshala.com/internship/detail/web-development-internship-in-delhi-at-acp-it-zone1679742376",
    "location": [
      "Delhi"
    ],
    "stipend": "6,000 /month",
    "description": ""
  },
  {
    "site": "Internshala",
    "title": "Social Media Marketing",
    "companyName": "Yatharth IAS",
    "link": "https://internshala.com/internship/detail/social-media-marketing-work-from-home-job-internship-at-yatharth-ias1679742187",
    "location": [
      "Work From Home"
    ],
    "stipend": "2,000 /month",
    "description": ""
  },
  {
    "site": "Internshala",
    "title": "Advertising",
    "companyName": "Support And Care Humanity Foundation",
    "link": "https://internshala.com/internship/detail/advertising-work-from-home-job-internship-at-support-and-care-humanity-foundation1679749227",
    "location": [
      "Work From Home"
    ],
    "stipend": "500-2,000 /week",
    "description": ""
  },
  {
    "site": "Internshala",
    "title": "Marketing",
    "companyName": "Yatharth IAS",
    "link": "https://internshala.com/internship/detail/marketing-work-from-home-job-internship-at-yatharth-ias1679741982",
    "location": [
      "Work From Home"
    ],
    "stipend": "5,000 /month +  Incentives",
    "description": ""
  },
  {
    "site": "Internshala",
    "title": "Photography",
    "companyName": "Gearloose Labs Private Limited",
    "link": "https://internshala.com/internship/detail/photography-internship-in-agra-at-gearloose-labs-private-limited1679741638",
    "location": [
      "Agra"
    ],
    "stipend": "5,000 /month",
    "description": ""
  },
  {
    "site": "Internshala",
    "title": "Graphic Design",
    "companyName": "Pawzz",
    "link": "https://internshala.com/internship/detail/graphic-design-work-from-home-job-internship-at-pawzz1679746360",
    "location": [
      "Work From Home"
    ],
    "stipend": "5,000-10,000 /month",
    "description": ""
  },
  {
    "site": "Internshala",
    "title": "Human Resources (HR)",
    "companyName": "Pawzz",
    "link": "https://internshala.com/internship/detail/human-resources-hr-work-from-home-job-internship-at-pawzz1679746257",
    "location": [
      "Work From Home"
    ],
    "stipend": "6,000-10,000 /month",
    "description": ""
  },
  {
    "site": "Internshala",
    "title": "Crowdfunding",
    "companyName": "Pawzz",
    "link": "https://internshala.com/internship/detail/crowdfunding-work-from-home-job-internship-at-pawzz1679746194",
    "location": [
      "Work From Home"
    ],
    "stipend": "1,000-10,000 /month",
    "description": ""
  },
  {
    "site": "Internshala",
    "title": "MIS",
    "companyName": "Vehicle Care",
    "link": "https://internshala.com/internship/detail/mis-internship-in-gurgaon-at-vehicle-care1679748413",
    "location": [
      "Gurgaon"
    ],
    "stipend": "3,000-5,000 /month",
    "description": ""
  },
  {
    "site": "Internshala",
    "title": "Operations & MIS",
    "companyName": "Intesome",
    "link": "https://internshala.com/internship/detail/operations-mis-work-from-home-job-internship-at-intesome1679745465",
    "location": [
      "Work From Home"
    ],
    "stipend": "5,000 /month",
    "description": ""
  },
  {
    "site": "Internshala",
    "title": "Lead Generation",
    "companyName": "Corizo Edu-tech",
    "link": "https://internshala.com/internship/detail/lead-generation-work-from-home-job-internship-at-corizo-edu-tech1679745260",
    "location": [
      "Work From Home"
    ],
    "stipend": "1,000-10,000 /month",
    "description": ""
  },
  {
    "site": "Internshala",
    "title": "Online Marketing",
    "companyName": "Corizo Edu-tech",
    "link": "https://internshala.com/internship/detail/online-marketing-work-from-home-job-internship-at-corizo-edu-tech1679745251",
    "location": [
      "Work From Home"
    ],
    "stipend": "1,000-10,000 /month",
    "description": ""
  },
  {
    "site": "Internshala",
    "title": "Social Media Marketing",
    "companyName": "Corizo Edu-tech",
    "link": "https://internshala.com/internship/detail/social-media-marketing-work-from-home-job-internship-at-corizo-edu-tech1679745241",
    "location": [
      "Work From Home"
    ],
    "stipend": "1,000-10,000 /month",
    "description": ""
  },
  {
    "site": "Internshala",
    "title": "Korean Restaurant Marketing",
    "companyName": "Kaavo",
    "link": "https://internshala.com/internship/detail/korean-restaurant-marketing-part-time-job-internship-at-mumbai-in-kaavo1679740758",
    "location": [
      "Mumbai"
    ],
    "stipend": "8,000-10,000 /month",
    "description": ""
  },
  {
    "site": "Internshala",
    "title": "Graphic Design",
    "companyName": "Brand Mechanic Communication",
    "link": "https://internshala.com/internship/detail/graphic-design-internship-in-multiple-locations-at-brand-mechanic-communication1679740753",
    "location": [
      "Gurgaon",
      "Noida",
      "Delhi"
    ],
    "stipend": "5,000-10,000 /month",
    "description": ""
  },
  {
    "site": "Internshala",
    "title": "Photography & Marketing Content",
    "companyName": "Mr. Munchies",
    "link": "https://internshala.com/internship/detail/photography-marketing-content-internship-in-mumbai-at-mr-munchies1679740647",
    "location": [
      "Mumbai"
    ],
    "stipend": "3,000 /month",
    "description": ""
  },
  {
    "site": "Internshala",
    "title": "Social Media Marketing",
    "companyName": "India Clean Energy",
    "link": "https://internshala.com/internship/detail/social-media-marketing-work-from-home-job-internship-at-india-clean-energy1679739567",
    "location": [
      "Work From Home"
    ],
    "stipend": "2,000 /month",
    "description": ""
  },
  {
    "site": "Internshala",
    "title": "Brand Coordination",
    "companyName": "Bennies Products Private Limited",
    "link": "https://internshala.com/internship/detail/brand-coordination-part-time-job-internship-at-jaipur-in-bennies-products-private-limited1679746749",
    "location": [
      "Jaipur"
    ],
    "stipend": "6,000 /month +  Incentives",
    "description": ""
  },
  {
    "site": "Internshala",
    "title": "Business Development (Sales)",
    "companyName": "Kushal Dhillon",
    "link": "https://internshala.com/internship/detail/business-development-sales-internship-in-haridwar-at-kushal-dhillon1679739448",
    "location": [
      "Haridwar"
    ],
    "stipend": "8,000 /month +  Incentives",
    "description": ""
  },
  {
    "site": "Internshala",
    "title": "Business Development (Sales)",
    "companyName": "Icareheal",
    "link": "https://internshala.com/internship/detail/business-development-sales-part-time-job-internship-at-delhi-in-icareheal1679739319",
    "location": [
      "Delhi"
    ],
    "stipend": "20,000 /month",
    "description": ""
  },
  {
    "site": "Internshala",
    "title": "Motion Graphic Design",
    "companyName": "Marketing Espy",
    "link": "https://internshala.com/internship/detail/motion-graphic-design-work-from-home-job-internship-at-marketing-espy1679746221",
    "location": [
      "Work From Home"
    ],
    "stipend": "6,000 /month",
    "description": ""
  },
  {
    "site": "Internshala",
    "title": "UX/UI Design",
    "companyName": "Maa Gayatri Manufacturing Industry",
    "link": "https://internshala.com/internship/detail/ux-ui-design-work-from-home-job-internship-at-maa-gayatri-manufacturing-industry1679726833",
    "location": [
      "Work From Home"
    ],
    "stipend": "2,000 /month",
    "description": ""
  },
  {
    "site": "Internshala",
    "title": "Full Stack Development",
    "companyName": "Zlato Technologies - EasyGold",
    "link": "https://internshala.com/internship/detail/full-stack-development-work-from-home-job-internship-at-zlato-technologies-easygold1679671933",
    "location": [
      "Work From Home"
    ],
    "stipend": "5,000 /month +  Incentives",
    "description": ""
  },
  {
    "site": "Internshala",
    "title": "Talent Acquisition",
    "companyName": "TQuanta Technologies Private Limited",
    "link": "https://internshala.com/internship/detail/talent-acquisition-internship-in-hyderabad-at-tquanta-technologies-private-limited1679746128",
    "location": [
      "Hyderabad"
    ],
    "stipend": "2,000-3,000 /month",
    "description": ""
  },
  {
    "site": "Internshala",
    "title": "Posterwa Captain",
    "companyName": "Posterwa",
    "link": "https://internshala.com/internship/detail/posterwa-captain-part-time-job-internship-at-bangalore-in-posterwa1679746065",
    "location": [
      "Bangalore"
    ],
    "stipend": "6,000 /month",
    "description": ""
  },
  {
    "site": "Internshala",
    "title": "Social Media Marketing",
    "companyName": "Woro Media LLP",
    "link": "https://internshala.com/internship/detail/social-media-marketing-work-from-home-job-internship-at-woro-media-llp1679676558",
    "location": [
      "Work From Home"
    ],
    "stipend": "3,000-7,000 /month",
    "description": ""
  },
  {
    "site": "Internshala",
    "title": "E-Book Designing",
    "companyName": "Oawa Investment Education Private Limited",
    "link": "https://internshala.com/internship/detail/e-book-designing-work-from-home-job-internship-at-oawa-investment-education-private-limited1679745911",
    "location": [
      "Work From Home"
    ],
    "stipend": "4,000 /month",
    "description": ""
  },
  {
    "site": "Internshala",
    "title": "Recruitment",
    "companyName": "Arin Consultancy Private Limited",
    "link": "https://internshala.com/internship/detail/recruitment-internship-in-mumbai-at-arin-consultancy-private-limited1679745816",
    "location": [
      "Mumbai"
    ],
    "stipend": "7,000 /month",
    "description": ""
  },
  {
    "site": "Internshala",
    "title": "Business Development (Sales)",
    "companyName": "AB Entertainment",
    "link": "https://internshala.com/internship/detail/business-development-sales-internship-in-multiple-locations-at-ab-entertainment1679727631",
    "location": [
      "Chandigarh",
      "Mohali",
      "Zirakpur",
      "Panchkula"
    ],
    "stipend": "3,000 /month",
    "description": ""
  },
  {
    "site": "Internshala",
    "title": "YouTube News Channel Promotion",
    "companyName": "Mobident Hospitals",
    "link": "https://internshala.com/internship/detail/youtube-news-channel-promotion-part-time-job-internship-at-delhi-in-mobident-hospitals1679745613",
    "location": [
      "Delhi"
    ],
    "stipend": "10,000-15,000 /month",
    "description": ""
  },
  {
    "site": "Internshala",
    "title": "Human Resources (HR)",
    "companyName": "Active Ageing Elder Care Services Private Limited",
    "link": "https://internshala.com/internship/detail/human-resources-hr-part-time-job-internship-at-thane-in-active-ageing-elder-care-services-private-limited1679745624",
    "location": [
      "Thane"
    ],
    "stipend": "5,000 /month",
    "description": ""
  },
  {
    "site": "Internshala",
    "title": "Recruitment",
    "companyName": "Elitebutlers Hospitality Solutions LLP",
    "link": "https://internshala.com/internship/detail/recruitment-internship-in-faridabad-at-elitebutlers-hospitality-solutions-llp1679738403",
    "location": [
      "Faridabad"
    ],
    "stipend": "7,000-10,000 /month",
    "description": ""
  },
  {
    "site": "Internshala",
    "title": "Occupational Therapy",
    "companyName": "PRA Foundation",
    "link": "https://internshala.com/internship/detail/occupational-therapy-part-time-job-internship-at-pune-in-pra-foundation1679745387",
    "location": [
      "Pune"
    ],
    "stipend": "3,000 /month",
    "description": ""
  },
  {
    "site": "Internshala",
    "title": "Inside Sales Specialist",
    "companyName": "Skill-Lync",
    "link": "https://internshala.com/job/detail/inside-sales-specialist-fresher-jobs-in-multiple-locations-at-skill-lync1677762021",
    "location": [
      "Delhi",
      "Bangalore",
      "Hyderabad",
      "Chennai"
    ],
    "description": ""
  },
  {
    "site": "Internshala",
    "title": "Blogging",
    "companyName": "DigiComfy: Hub Of Digital Services",
    "link": "https://internshala.com/internship/detail/blogging-work-from-home-job-internship-at-digicomfy-hub-of-digital-services1679745301",
    "location": [
      "Work From Home"
    ],
    "stipend": "1,000 /month",
    "description": ""
  },
  {
    "site": "Internshala",
    "title": "Customer Service",
    "companyName": "Glamwizz India Private Limited",
    "link": "https://internshala.com/internship/detail/customer-service-work-from-home-job-internship-at-glamwizz-india-private-limited1679738049",
    "location": [
      "Work From Home"
    ],
    "stipend": "10,000 /month",
    "description": ""
  },
  {
    "site": "Internshala",
    "title": "Online Hindi Teaching for Kids",
    "companyName": "Vikalp India Private Limited",
    "link": "https://internshala.com/internship/detail/online-hindi-teaching-for-kids-work-from-home-job-internship-at-vikalp-india-private-limited1679745241",
    "location": [
      "Work From Home"
    ],
    "stipend": "5,000-8,000 /month",
    "description": ""
  },
  {
    "site": "Internshala",
    "title": "Marketing",
    "companyName": "Corizo Edu-tech",
    "link": "https://internshala.com/internship/detail/marketing-work-from-home-job-internship-at-corizo-edu-tech1679745229",
    "location": [
      "Work From Home"
    ],
    "stipend": "1,000-10,000 /month",
    "description": ""
  },
  {
    "site": "Internshala",
    "title": "Webinar Event Planning",
    "companyName": "Corizo Edu-tech",
    "link": "https://internshala.com/internship/detail/webinar-event-planning-work-from-home-job-internship-at-corizo-edu-tech1679745218",
    "location": [
      "Work From Home"
    ],
    "stipend": "1,000-10,000 /month",
    "description": ""
  },
  {
    "site": "Internshala",
    "title": "Architecture",
    "companyName": "Organizein",
    "link": "https://internshala.com/internship/detail/architecture-work-from-home-job-internship-at-organizein1679723128",
    "location": [
      "Work From Home"
    ],
    "stipend": "3,000-4,000 /month",
    "description": ""
  },
  {
    "site": "Internshala",
    "title": "Brand Management & Content Marketing",
    "companyName": "Corizo Edu-tech",
    "link": "https://internshala.com/internship/detail/brand-management-content-marketing-work-from-home-job-internship-at-corizo-edu-tech1679745198",
    "location": [
      "Work From Home"
    ],
    "stipend": "1,000-10,000 /month",
    "description": ""
  },
  {
    "site": "Internshala",
    "title": "Content Writing",
    "companyName": "The Marketeers Hub",
    "link": "https://internshala.com/internship/detail/content-writing-work-from-home-job-internship-at-the-marketeers-hub1679737845",
    "location": [
      "Work From Home"
    ],
    "stipend": "2,000 /month",
    "description": ""
  },
  {
    "site": "Internshala",
    "title": "Fashion Design",
    "companyName": "Stoique",
    "link": "https://internshala.com/internship/detail/fashion-design-internship-in-indore-at-stoique1679309098",
    "location": [
      "Indore"
    ],
    "stipend": "2,000 /month",
    "description": ""
  },
  {
    "site": "Internshala",
    "title": "Social Media Marketing",
    "companyName": "Inovatiq Technologies OPC Private LIMITED",
    "link": "https://internshala.com/internship/detail/social-media-marketing-work-from-home-job-internship-at-inovatiq-technologies-opc-private-limited1679737457",
    "location": [
      "Work From Home"
    ],
    "stipend": "4,000-7,000 /month",
    "description": ""
  },
  {
    "site": "Internshala",
    "title": "Care Coordination (Business Development)",
    "companyName": "Pristyn Care",
    "link": "https://internshala.com/internship/detail/care-coordination-business-development-internship-in-gurgaon-at-pristyn-care1679744672",
    "location": [
      "Gurgaon"
    ],
    "stipend": "10,000 /month",
    "description": ""
  },
  {
    "site": "Internshala",
    "title": "Content Writing",
    "companyName": "KutchiBazaar",
    "link": "https://internshala.com/internship/detail/content-writing-work-from-home-job-internship-at-kutchibazaar1679737343",
    "location": [
      "Work From Home"
    ],
    "stipend": "5,000 /month",
    "description": ""
  },
  {
    "site": "Internshala",
    "title": "Human Resources (HR)",
    "companyName": "TradeCred",
    "link": "https://internshala.com/internship/detail/human-resources-hr-internship-in-mumbai-at-tradecred1679744556",
    "location": [
      "Mumbai"
    ],
    "stipend": "20,000 /month",
    "description": ""
  },
  {
    "site": "Internshala",
    "title": "Graphic Design",
    "companyName": "Valasys Media",
    "link": "https://internshala.com/internship/detail/graphic-design-internship-in-pune-at-valasys-media1679662590",
    "location": [
      "Pune"
    ],
    "stipend": "10,000 /month",
    "description": ""
  },
  {
    "site": "Internshala",
    "title": "Marketing",
    "companyName": "Resshu Connect Private Limited",
    "link": "https://internshala.com/internship/detail/marketing-internship-in-ahmedabad-at-resshu-connect-private-limited1679724699",
    "location": [
      "Ahmedabad"
    ],
    "stipend": "5,000 /month",
    "description": ""
  },
  {
    "site": "Internshala",
    "title": "Business Development (Sales)",
    "companyName": "Campalin Innovations Private Limited",
    "link": "https://internshala.com/internship/detail/business-development-sales-internship-in-hyderabad-at-campalin-innovations-private-limited1679736982",
    "location": [
      "Hyderabad"
    ],
    "stipend": "15,000-17,000 /month",
    "description": ""
  },
  {
    "site": "Internshala",
    "title": "Golang Backend Development",
    "companyName": "BriCabin",
    "link": "https://internshala.com/internship/detail/golang-backend-development-work-from-home-job-internship-at-bricabin1679724534",
    "location": [
      "Work From Home"
    ],
    "stipend": "8,000 /month",
    "description": ""
  },
  {
    "site": "Internshala",
    "title": "Creative Design",
    "companyName": "YourKrishi",
    "link": "https://internshala.com/internship/detail/creative-design-work-from-home-job-internship-at-yourkrishi1679736837",
    "location": [
      "Work From Home"
    ],
    "stipend": "5,000-15,000 /month",
    "description": ""
  },
  {
    "site": "Internshala",
    "title": "On-Field Sales",
    "companyName": "Magicstep Solutions Private Limited",
    "link": "https://internshala.com/internship/detail/on-field-sales-part-time-job-internship-at-multiple-locations-in-magicstep-solutions-private-limited1679744026",
    "location": [
      "Faridabad",
      "Chandigarh",
      "Mumbai",
      "Noida",
      "Delhi"
    ],
    "stipend": "2,000 /month +  Incentives",
    "description": ""
  },
  {
    "site": "Internshala",
    "title": "Sales Executive",
    "companyName": "Callsbridge Pay Per Call Services Private Limited",
    "link": "https://internshala.com/internship/detail/sales-executive-internship-in-panipat-at-callsbridge-pay-per-call-services-private-limited1679726606",
    "location": [
      "Panipat"
    ],
    "stipend": "10,000-15,000 /month",
    "description": ""
  },
  {
    "site": "Internshala",
    "title": "Business Development (Sales)",
    "companyName": "International Management Centre (IMC)",
    "link": "https://internshala.com/internship/detail/business-development-sales-internship-in-delhi-at-international-management-centre-imc1679736694",
    "location": [
      "Delhi"
    ],
    "stipend": "10,000-15,000 /month",
    "description": ""
  },
  {
    "site": "Internshala",
    "title": "Divisional Marketing",
    "companyName": "CarryBagger",
    "link": "https://internshala.com/internship/detail/divisional-marketing-work-from-home-job-internship-at-carrybagger1679743853",
    "location": [
      "Work From Home"
    ],
    "stipend": "1,000 /month +  Incentives",
    "description": ""
  },
  {
    "site": "Internshala",
    "title": "Video Making/Editing",
    "companyName": "Brooks And Glane",
    "link": "https://internshala.com/internship/detail/video-making-editing-internship-in-multiple-locations-at-brooks-and-glane1679736660",
    "location": [
      "Chandigarh",
      "Zirakpur",
      "Panchkula"
    ],
    "stipend": "15,000-20,000 /month",
    "description": ""
  },
  {
    "site": "Internshala",
    "title": "Video Editing",
    "companyName": "Cryptic Media (OPC) Private Limited",
    "link": "https://internshala.com/internship/detail/video-editing-work-from-home-job-internship-at-cryptic-media-opc-private-limited1679736517",
    "location": [
      "Work From Home"
    ],
    "stipend": "10,000-15,000 /month",
    "description": ""
  },
  {
    "site": "Internshala",
    "title": "Social Media Marketing",
    "companyName": "Global Event Planners",
    "link": "https://internshala.com/internship/detail/social-media-marketing-work-from-home-job-internship-at-global-event-planners1679557575",
    "location": [
      "Work From Home"
    ],
    "stipend": "1,000-20,000 /month",
    "description": ""
  },
  {
    "site": "Internshala",
    "title": "Marketing & Lead Generation",
    "companyName": "Climeto",
    "link": "https://internshala.com/internship/detail/marketing-lead-generation-internship-in-indore-at-climeto1679743684",
    "location": [
      "Indore"
    ],
    "stipend": "2,000-8,000 /month",
    "description": ""
  },
  {
    "site": "Internshala",
    "title": "Social Media Marketing",
    "companyName": "GHARPAYY",
    "link": "https://internshala.com/internship/detail/social-media-marketing-work-from-home-job-internship-at-gharpayy1679736455",
    "location": [
      "Work From Home"
    ],
    "stipend": "2,000 /month",
    "description": ""
  },
  {
    "site": "Internshala",
    "title": "Business Development (Sales)",
    "companyName": "GHARPAYY",
    "link": "https://internshala.com/internship/detail/business-development-sales-internship-in-bangalore-at-gharpayy1679736424",
    "location": [
      "Bangalore"
    ],
    "stipend": "11,000 /month",
    "description": ""
  },
  {
    "site": "Internshala",
    "title": "Digital Marketing",
    "companyName": "White Panda Digital Marketing Private Limited",
    "link": "https://internshala.com/internship/detail/digital-marketing-internship-in-jaipur-at-white-panda-digital-marketing-private-limited1679743629",
    "location": [
      "Jaipur"
    ],
    "stipend": "5,000 /month",
    "description": ""
  },
  {
    "site": "Internshala",
    "title": "Automation Engineering",
    "companyName": "M TEC Software And Business Automation Private Limited",
    "link": "https://internshala.com/internship/detail/automation-engineering-work-from-home-job-internship-at-m-tec-software-and-business-automation-private-limited1679743604",
    "location": [
      "Work From Home"
    ],
    "stipend": "10,000-25,000 /month",
    "description": ""
  },
  {
    "site": "Internshala",
    "title": "Business Analytics",
    "companyName": "Climeto",
    "link": "https://internshala.com/internship/detail/business-analytics-internship-in-indore-at-climeto1679743450",
    "location": [
      "Indore"
    ],
    "stipend": "2,000-8,000 /month",
    "description": ""
  },
  {
    "site": "Internshala",
    "title": "Sales and Marketing",
    "companyName": "Amazing Web Solutions",
    "link": "https://internshala.com/internship/detail/sales-and-marketing-internship-in-bhopal-at-amazing-web-solutions1679743278",
    "location": [
      "Bhopal"
    ],
    "stipend": "5,000-10,000 /month",
    "description": ""
  },
  {
    "site": "Internshala",
    "title": "Article Writing (Top 20 Type Of IT Articles)",
    "companyName": "Nettv4u",
    "link": "https://internshala.com/internship/detail/article-writing-top-20-type-of-it-articles-work-from-home-job-internship-at-nettv4u1679743277",
    "location": [
      "Work From Home"
    ],
    "stipend": "5,000 /month",
    "description": ""
  },
  {
    "site": "Internshala",
    "title": "Content Writing (Article Writing)",
    "companyName": "Nettv4u",
    "link": "https://internshala.com/internship/detail/content-writing-article-writing-work-from-home-job-internship-at-nettv4u1679743269",
    "location": [
      "Work From Home"
    ],
    "stipend": "5,000 /month",
    "description": ""
  },
  {
    "site": "Internshala",
    "title": "Social Media Marketing",
    "companyName": "Amazing Web Solutions",
    "link": "https://internshala.com/internship/detail/social-media-marketing-internship-in-bhopal-at-amazing-web-solutions1679743257",
    "location": [
      "Bhopal"
    ],
    "stipend": "5,000-10,000 /month",
    "description": ""
  },
  {
    "site": "Internshala",
    "title": "Business Development (Sales)",
    "companyName": "SKOG",
    "link": "https://internshala.com/internship/detail/business-development-sales-internship-in-delhi-at-skog1679725937",
    "location": [
      "Delhi"
    ],
    "stipend": "18,000 /month",
    "description": ""
  },
  {
    "site": "Internshala",
    "title": "Social Media Marketing",
    "companyName": "MindsEye",
    "link": "https://internshala.com/internship/detail/social-media-marketing-work-from-home-job-internship-at-mindseye1679743226",
    "location": [
      "Work From Home"
    ],
    "stipend": "500 lump sum",
    "description": ""
  },
  {
    "site": "Internshala",
    "title": "Business Development (Sales)",
    "companyName": "Levante",
    "link": "https://internshala.com/internship/detail/business-development-sales-internship-in-pune-at-levante1679735967",
    "location": [
      "Pune"
    ],
    "stipend": "10,000 /month",
    "description": ""
  },
  {
    "site": "Internshala",
    "title": "Business Development (Sales)",
    "companyName": "Hhire",
    "link": "https://internshala.com/internship/detail/business-development-sales-work-from-home-job-internship-at-hhire1679735784",
    "location": [
      "Work From Home"
    ],
    "stipend": "1,000 /month",
    "description": ""
  },
  {
    "site": "Internshala",
    "title": "Inside Sales Specialist",
    "companyName": "Skill-Lync",
    "link": "https://internshala.com/job/detail/inside-sales-specialist-fresher-jobs-in-multiple-locations-at-skill-lync1677762021",
    "location": [
      "Delhi",
      "Bangalore",
      "Hyderabad",
      "Chennai"
    ],
    "description": ""
  },
  {
    "site": "Internshala",
    "title": "Graphic Design",
    "companyName": "Grella Industries",
    "link": "https://internshala.com/internship/detail/graphic-design-work-from-home-job-internship-at-grella-industries1679726408",
    "location": [
      "Work From Home"
    ],
    "stipend": "4,000 /month",
    "description": ""
  },
  {
    "site": "Internshala",
    "title": "Graphic Design",
    "companyName": "Viral Inbound",
    "link": "https://internshala.com/internship/detail/graphic-design-internship-in-mumbai-at-viral-inbound1679735485",
    "location": [
      "Mumbai"
    ],
    "stipend": "7,000 /month",
    "description": ""
  },
  {
    "site": "Internshala",
    "title": "Social Media Marketing",
    "companyName": "Jazz And Sizzle",
    "link": "https://internshala.com/internship/detail/social-media-marketing-work-from-home-job-internship-at-jazz-and-sizzle1679735450",
    "location": [
      "Work From Home"
    ],
    "stipend": "10,000 /month +  Incentives",
    "description": ""
  },
  {
    "site": "Internshala",
    "title": "Digital Marketing",
    "companyName": "Jazz And Sizzle",
    "link": "https://internshala.com/internship/detail/digital-marketing-work-from-home-job-internship-at-jazz-and-sizzle1679735424",
    "location": [
      "Work From Home"
    ],
    "stipend": "5,000 /month +  Incentives",
    "description": ""
  },
  {
    "site": "Internshala",
    "title": "Video Making/Editing",
    "companyName": "Pro Up",
    "link": "https://internshala.com/internship/detail/video-making-editing-work-from-home-job-internship-at-pro-up1679676998",
    "location": [
      "Work From Home"
    ],
    "stipend": "5,000 /month",
    "description": ""
  },
  {
    "site": "Internshala",
    "title": "Fashion Design",
    "companyName": "Fireflies Gifting",
    "link": "https://internshala.com/internship/detail/fashion-design-part-time-job-internship-at-mumbai-in-fireflies-gifting1679742298",
    "location": [
      "Mumbai"
    ],
    "stipend": "7,000 /month",
    "description": ""
  },
  {
    "site": "Internshala",
    "title": "Social Media Marketing",
    "companyName": "GetinStartup",
    "link": "https://internshala.com/internship/detail/social-media-marketing-work-from-home-job-internship-at-getinstartup1679735019",
    "location": [
      "Work From Home"
    ],
    "stipend": "2,000 /month",
    "description": ""
  },
  {
    "site": "Internshala",
    "title": "Business Development (Sales)",
    "companyName": "Acarya Smartprep Eduventure LLP",
    "link": "https://internshala.com/internship/detail/business-development-sales-work-from-home-job-internship-at-acarya-smartprep-eduventure-llp1679680433",
    "location": [
      "Work From Home"
    ],
    "stipend": "2,500 /month +  Incentives",
    "description": ""
  },
  {
    "site": "Internshala",
    "title": "Special Needs Teaching",
    "companyName": "Little Pods",
    "link": "https://internshala.com/internship/detail/special-needs-teaching-part-time-job-internship-at-mumbai-in-little-pods1679742200",
    "location": [
      "Mumbai"
    ],
    "stipend": "10,000 /month",
    "description": ""
  },
  {
    "site": "Internshala",
    "title": "Content Writing",
    "companyName": "GetinStartup",
    "link": "https://internshala.com/internship/detail/content-writing-work-from-home-job-internship-at-getinstartup1679734942",
    "location": [
      "Work From Home"
    ],
    "stipend": "2,000 /month",
    "description": ""
  },
  {
    "site": "Internshala",
    "title": "Social Media Marketing",
    "companyName": "Pro Up",
    "link": "https://internshala.com/internship/detail/social-media-marketing-work-from-home-job-internship-at-pro-up1679676507",
    "location": [
      "Work From Home"
    ],
    "stipend": "5,000 /month",
    "description": ""
  },
  {
    "site": "Internshala",
    "title": "LinkedIn Handle Specialist",
    "companyName": "Travel Junction Indo",
    "link": "https://internshala.com/internship/detail/linkedin-handle-specialist-work-from-home-job-internship-at-travel-junction-indo1679676095",
    "location": [
      "Work From Home"
    ],
    "stipend": "1,500 /month +  Incentives",
    "description": ""
  },
  {
    "site": "Internshala",
    "title": "Social Media Customer Service",
    "companyName": "Arcatron Mobility Private Limited",
    "link": "https://internshala.com/internship/detail/social-media-customer-service-work-from-home-job-internship-at-arcatron-mobility-private-limited1679742055",
    "location": [
      "Work From Home"
    ],
    "stipend": "10,000 /month",
    "description": ""
  },
  {
    "site": "Internshala",
    "title": "Search Engine Optimization (SEO)",
    "companyName": "Digital Dronacharya",
    "link": "https://internshala.com/internship/detail/search-engine-optimization-seo-work-from-home-job-internship-at-digital-dronacharya1679674804",
    "location": [
      "Work From Home"
    ],
    "stipend": "2,000-4,000 /month",
    "description": ""
  },
  {
    "site": "Internshala",
    "title": "Full Stack Development",
    "companyName": "Artizence",
    "link": "https://internshala.com/internship/detail/full-stack-development-work-from-home-job-internship-at-artizence1679681496",
    "location": [
      "Work From Home"
    ],
    "stipend": "1,000-2,000 /month",
    "description": ""
  },
  {
    "site": "Internshala",
    "title": "Business Development (Sales)",
    "companyName": "Shaildhar Telecom",
    "link": "https://internshala.com/internship/detail/business-development-sales-internship-in-bongaigaon-guwahati-at-shaildhar-telecom1679734531",
    "location": [
      "Bongaigaon",
      "Guwahati"
    ],
    "stipend": "5,000 /month",
    "description": ""
  },
  {
    "site": "Internshala",
    "title": "Business Development & Growth Marketing",
    "companyName": "Uibix",
    "link": "https://internshala.com/internship/detail/business-development-growth-marketing-work-from-home-job-internship-at-uibix1679681525",
    "location": [
      "Work From Home"
    ],
    "stipend": "8,000 /month",
    "description": ""
  },
  {
    "site": "Internshala",
    "title": "Graphic Design",
    "companyName": "Dhirendra Tripathy",
    "link": "https://internshala.com/internship/detail/graphic-design-work-from-home-job-internship-at-dhirendra-tripathy1679734376",
    "location": [
      "Work From Home"
    ],
    "stipend": "1,000 /month",
    "description": ""
  },
  {
    "site": "Internshala",
    "title": "Graphic Design",
    "companyName": "ZAP Cricket",
    "link": "https://internshala.com/internship/detail/graphic-design-work-from-home-job-internship-at-zap-cricket1679734329",
    "location": [
      "Work From Home"
    ],
    "stipend": "5,000 /month",
    "description": ""
  },
  {
    "site": "Internshala",
    "title": "General Management",
    "companyName": "The Red Door",
    "link": "https://internshala.com/internship/detail/general-management-part-time-job-internship-at-pune-in-the-red-door1679681875",
    "location": [
      "Pune"
    ],
    "stipend": "1,500 /week +  Incentives",
    "description": ""
  },
  {
    "site": "Internshala",
    "title": "Digital Marketing",
    "companyName": "Viviga Ecom",
    "link": "https://internshala.com/internship/detail/digital-marketing-work-from-home-job-internship-at-viviga-ecom1679682176",
    "location": [
      "Work From Home"
    ],
    "stipend": "1,000 /month +  Incentives",
    "description": ""
  },
  {
    "site": "Internshala",
    "title": "Content Moderation",
    "companyName": "ADISAN Rural Platforms India Private Limited",
    "link": "https://internshala.com/internship/detail/content-moderation-work-from-home-job-internship-at-adisan-rural-platforms-india-private-limited1679734198",
    "location": [
      "Work From Home"
    ],
    "stipend": "8,000 /month",
    "description": ""
  },
  {
    "site": "Internshala",
    "title": "Social Media Marketing",
    "companyName": "Hedonfit",
    "link": "https://internshala.com/internship/detail/social-media-marketing-internship-in-ahmedabad-at-hedonfit1679734025",
    "location": [
      "Ahmedabad"
    ],
    "stipend": "5,000 /month",
    "description": ""
  },
  {
    "site": "Internshala",
    "title": "Marketing",
    "companyName": "TimesNext Media Private Limited",
    "link": "https://internshala.com/internship/detail/marketing-internship-in-chandigarh-mohali-at-timesnext-media-private-limited1679682694",
    "location": [
      "Chandigarh",
      "Mohali"
    ],
    "stipend": "15,000 /month",
    "description": ""
  },
  {
    "site": "Internshala",
    "title": "Subject Matter Expert (Mechanical Engineering)",
    "companyName": "Yofoxy",
    "link": "https://internshala.com/internship/detail/subject-matter-expert-mechanical-engineering-work-from-home-job-internship-at-yofoxy1679717707",
    "location": [
      "Work From Home"
    ],
    "stipend": "10,000-20,000 /month",
    "description": ""
  },
  {
    "site": "Internshala",
    "title": "Field Sales",
    "companyName": "OMK SOLUTIONS",
    "link": "https://internshala.com/internship/detail/field-sales-internship-in-multiple-locations-at-omk-solutions1679717693",
    "location": [
      "Aligarh",
      "Bharatpur",
      "Lucknow",
      "Firozabad",
      "Jaipur",
      "Mathura",
      "Kanpur Dehat",
      "Gwalior Grint"
    ],
    "stipend": "2,000 /month",
    "description": ""
  },
  {
    "site": "Internshala",
    "title": "Digital Marketing",
    "companyName": "Labsmart Healthcare Technologies",
    "link": "https://internshala.com/internship/detail/digital-marketing-internship-in-bangalore-koramangala-at-labsmart-healthcare-technologies1679685046",
    "location": [
      "Bangalore",
      "Koramangala"
    ],
    "stipend": "10,000 /month",
    "description": ""
  },
  {
    "site": "Internshala",
    "title": "Fundraising",
    "companyName": "Navyug Think India Foundation",
    "link": "https://internshala.com/internship/detail/fundraising-work-from-home-job-internship-at-navyug-think-india-foundation1679686199",
    "location": [
      "Work From Home"
    ],
    "stipend": "Unpaid",
    "description": ""
  },
  {
    "site": "Internshala",
    "title": "Marketing",
    "companyName": "Savitar Innovative Solutions Private Limited",
    "link": "https://internshala.com/internship/detail/marketing-internship-in-nagpur-at-savitar-innovative-solutions-private-limited1679733787",
    "location": [
      "Nagpur"
    ],
    "stipend": "5,000-10,000 /month",
    "description": ""
  },
  {
    "site": "Internshala",
    "title": "Mobile App Development",
    "companyName": "NyuCrush",
    "link": "https://internshala.com/internship/detail/mobile-app-development-work-from-home-job-internship-at-nyucrush1679687916",
    "location": [
      "Work From Home"
    ],
    "stipend": "10,000 /month",
    "description": ""
  },
  {
    "site": "Internshala",
    "title": "Graphic Design",
    "companyName": "The Digital Socialite",
    "link": "https://internshala.com/internship/detail/graphic-design-work-from-home-job-internship-at-the-digital-socialite1679733760",
    "location": [
      "Work From Home"
    ],
    "stipend": "3,000 /month",
    "description": ""
  },
  {
    "site": "Internshala",
    "title": "UI/UX Design",
    "companyName": "Search-In IT Solution LLP",
    "link": "https://internshala.com/internship/detail/ui-ux-design-work-from-home-job-internship-at-search-in-it-solution-llp1679689237",
    "location": [
      "Work From Home"
    ],
    "stipend": "3,000-6,000 /month",
    "description": ""
  },
  {
    "site": "Internshala",
    "title": "Graphic Designing",
    "companyName": "Black Fox Millennium (OPC) Private Limited",
    "link": "https://internshala.com/internship/detail/graphic-designing-work-from-home-job-internship-at-black-fox-millennium-opc-private-limited1679689641",
    "location": [
      "Work From Home"
    ],
    "stipend": "7,000-10,000 /month",
    "description": ""
  },
  {
    "site": "Internshala",
    "title": "Game Development (Photogrammetry)",
    "companyName": "Alecado Systems",
    "link": "https://internshala.com/internship/detail/game-development-photogrammetry-work-from-home-job-internship-at-alecado-systems1679692635",
    "location": [
      "Work From Home"
    ],
    "stipend": "3,000-6,000 /month",
    "description": ""
  },
  {
    "site": "Internshala",
    "title": "Web Development",
    "companyName": "NXTTOUR INDIA",
    "link": "https://internshala.com/internship/detail/web-development-work-from-home-job-internship-at-nxttour-india1679733537",
    "location": [
      "Work From Home"
    ],
    "stipend": "2,000 /month",
    "description": ""
  },
  {
    "site": "Internshala",
    "title": "Online Presence Management",
    "companyName": "Holy Infotech",
    "link": "https://internshala.com/internship/detail/online-presence-management-work-from-home-job-internship-at-holy-infotech1679740714",
    "location": [
      "Work From Home"
    ],
    "stipend": "12,000 /month",
    "description": ""
  },
  {
    "site": "Internshala",
    "title": "Business Development Executive (for IT)",
    "companyName": "Binary Global Ltd",
    "link": "https://internshala.com/internship/detail/business-development-executive-for-it-internship-in-navi-mumbai-at-binary-global-ltd1679740431",
    "location": [
      "Navi Mumbai"
    ],
    "stipend": "10,000 /month",
    "description": ""
  },
  {
    "site": "Internshala",
    "title": "Social Media Volunteer",
    "companyName": "Vruksh Ecosystems",
    "link": "https://internshala.com/internship/detail/social-media-volunteer-work-from-home-job-internship-at-vruksh-ecosystems1679716307",
    "location": [
      "Work From Home"
    ],
    "stipend": "Unpaid",
    "description": ""
  },
  {
    "site": "Internshala",
    "title": "Digital Marketing & Business Development (Sales & Marketing)",
    "companyName": "Lineark Global",
    "link": "https://internshala.com/internship/detail/digital-marketing-business-development-sales-marketing-internship-in-ahmedabad-gandhinagar-at-lineark-global1679716439",
    "location": [
      "Ahmedabad",
      "Gandhinagar"
    ],
    "stipend": "5,000 /month",
    "description": ""
  }
]