[
  {
    "site": "Internshala",
    "title": "Solution Architect",
    "companyName": "Pearson India Education Services Private Limited",
    "link": "https://internshala.com/internship/detail/solution-architect-internship-in-bangalore-at-pearson-india-education-services-private-limited1683374660",
    "location": "Bangalore",
    "stipend": "20,000 /month",
    "description": ""
  },
  {
    "site": "Internshala",
    "title": "Node.js Development",
    "companyName": "HDFC Ergo General Insurance Company Limited",
    "link": "https://internshala.com/internship/detail/nodejs-development-internship-in-pune-at-hdfc-ergo-general-insurance-company-limited1683132664",
    "location": "Pune",
    "stipend": "5,000 /month",
    "description": ""
  },
  {
    "site": "Internshala",
    "title": "Software Project Management",
    "companyName": "IIT Bombay",
    "link": "https://internshala.com/internship/detail/software-project-management-work-from-home-job-internship-at-iit-bombay1682965568",
    "location": "Work From Home",
    "stipend": "1,000-2,000 /month",
    "description": ""
  },
  {
    "site": "Internshala",
    "title": "Information Technology",
    "companyName": "HDFC Ergo General Insurance Company Limited",
    "link": "https://internshala.com/internship/detail/information-technology-internship-in-pune-at-hdfc-ergo-general-insurance-company-limited1682665455",
    "location": "Pune",
    "stipend": "5,000 /month",
    "description": ""
  },
  {
    "site": "Internshala",
    "title": "C++ Development (QT Creator)",
    "companyName": "IIT Bombay",
    "link": "https://internshala.com/internship/detail/c-development-qt-creator-work-from-home-job-internship-at-iit-bombay1680347796",
    "location": "Work From Home",
    "stipend": "1,000-2,000 /month",
    "description": ""
  },
  {
    "site": "Internshala",
    "title": "DevOps/Linux Engineering",
    "companyName": "IESoft Technologies Private Limited",
    "link": "https://internshala.com/internship/detail/devops-linux-engineering-internship-in-mumbai-at-iesoft-technologies-private-limited1683372424",
    "location": "Mumbai",
    "stipend": "20,000 /month",
    "description": ""
  },
  {
    "site": "Internshala",
    "title": "Java Development",
    "companyName": "Relinns Technologies",
    "link": "https://internshala.com/internship/detail/java-development-internship-in-chandigarh-mohali-at-relinns-technologies1683372390",
    "location": "Chandigarh,Mohali",
    "stipend": "10,000 /month",
    "description": ""
  },
  {
    "site": "Internshala",
    "title": "Python Development",
    "companyName": "Oxen Farm Solutions Private Limited",
    "link": "https://internshala.com/internship/detail/python-development-work-from-home-job-internship-at-oxen-farm-solutions-private-limited1683384532",
    "location": "Work From Home",
    "stipend": "6,000 /month",
    "description": ""
  },
  {
    "site": "Internshala",
    "title": "Photography & Media Production",
    "companyName": "Brands Jar",
    "link": "https://internshala.com/internship/detail/photography-media-production-internship-in-pune-at-brands-jar1683377824",
    "location": "Pune",
    "stipend": "10,000 /month",
    "description": ""
  },
  {
    "site": "Internshala",
    "title": "Software Development",
    "companyName": "Cron Labs",
    "link": "https://internshala.com/internship/detail/software-development-internship-in-bangalore-at-cron-labs1683375057",
    "location": "Bangalore",
    "stipend": "15,000 /month",
    "description": ""
  },
  {
    "site": "Internshala",
    "title": "Flutter Development",
    "companyName": "Quantum IT Innovation",
    "link": "https://internshala.com/internship/detail/flutter-development-work-from-home-job-internship-at-quantum-it-innovation1683196257",
    "location": "Work From Home",
    "stipend": "8,000-15,000 /month",
    "description": ""
  },
  {
    "site": "Internshala",
    "title": "Unity Android Game Development",
    "companyName": "Wotino",
    "link": "https://internshala.com/internship/detail/unity-android-game-development-work-from-home-job-internship-at-wotino1683330789",
    "location": "Work From Home",
    "stipend": "1,000 /month",
    "description": ""
  },
  {
    "site": "Internshala",
    "title": "Flutter Development",
    "companyName": "Incra Soft Private Limited",
    "link": "https://internshala.com/internship/detail/flutter-development-internship-in-hyderabad-at-incra-soft-private-limited1683350233",
    "location": "Hyderabad",
    "stipend": "8,000 /month +  Incentives",
    "description": ""
  },
  {
    "site": "Internshala",
    "title": "Artificial Intelligence (AI)",
    "companyName": "Shubh International",
    "link": "https://internshala.com/internship/detail/artificial-intelligence-ai-work-from-home-job-internship-at-shubh-international1683371448",
    "location": "Work From Home",
    "stipend": "8,000-10,000 /month",
    "description": ""
  },
  {
    "site": "Internshala",
    "title": "Machine Learning",
    "companyName": "Shubh International",
    "link": "https://internshala.com/internship/detail/machine-learning-work-from-home-job-internship-at-shubh-international1683371288",
    "location": "Work From Home",
    "stipend": "14,000-16,000 /month",
    "description": ""
  },
  {
    "site": "Internshala",
    "title": "API Specialist",
    "companyName": "Cendrol Construction Contracts Private Limited",
    "link": "https://internshala.com/internship/detail/api-specialist-internship-in-bangalore-at-cendrol-construction-contracts-private-limited1683369231",
    "location": "Bangalore",
    "stipend": "8,000 /month",
    "description": ""
  },
  {
    "site": "Internshala",
    "title": "Python Development",
    "companyName": "Angels Virtual World",
    "link": "https://internshala.com/internship/detail/python-development-internship-in-delhi-at-angels-virtual-world1683352988",
    "location": "Delhi",
    "stipend": "5,000 /month",
    "description": ""
  },
  {
    "site": "Internshala",
    "title": "Java Development",
    "companyName": "IESoft Technologies Private Limited",
    "link": "https://internshala.com/internship/detail/java-development-work-from-home-job-internship-at-iesoft-technologies-private-limited1683359729",
    "location": "Work From Home",
    "stipend": "20,000 /month",
    "description": ""
  },
  {
    "site": "Internshala",
    "title": "Game Development",
    "companyName": "Providentia Labs Private Limited (Talking Town)",
    "link": "https://internshala.com/internship/detail/game-development-work-from-home-job-internship-at-providentia-labs-private-limited-talking-town1683308398",
    "location": "Work From Home",
    "stipend": "10,000 /month",
    "description": ""
  },
  {
    "site": "Internshala",
    "title": "Game Development",
    "companyName": "Khyati Thakur",
    "link": "https://internshala.com/internship/detail/game-development-work-from-home-job-internship-at-khyati-thakur1683308658",
    "location": "Work From Home",
    "stipend": "10,000 /month",
    "description": ""
  },
  {
    "site": "Internshala",
    "title": "Game Development",
    "companyName": "Medicalshala",
    "link": "https://internshala.com/internship/detail/game-development-internship-in-chennai-at-medicalshala1683304851",
    "location": "Chennai",
    "stipend": "12,000-15,000 /month",
    "description": ""
  },
  {
    "site": "Internshala",
    "title": "Artificial Intelligence (AI)",
    "companyName": "Botlie Software And Consulting Private Limited",
    "link": "https://internshala.com/internship/detail/artificial-intelligence-ai-work-from-home-job-internship-at-botlie-software-and-consulting-private-limited1683295638",
    "location": "Work From Home",
    "stipend": "2,000-15,000 /month",
    "description": ""
  },
  {
    "site": "Internshala",
    "title": "Dot Net Development",
    "companyName": "Fab Software Stock",
    "link": "https://internshala.com/internship/detail/dot-net-development-internship-in-navi-mumbai-at-fab-software-stock1683281187",
    "location": "Navi Mumbai",
    "stipend": "8,000 /month",
    "description": ""
  },
  {
    "site": "Internshala",
    "title": "Flutter Development",
    "companyName": "Yebelo Technology",
    "link": "https://internshala.com/internship/detail/flutter-development-work-from-home-job-internship-at-yebelo-technology1683274184",
    "location": "Work From Home",
    "stipend": "15,000-25,000 /month",
    "description": ""
  },
  {
    "site": "Internshala",
    "title": "MERN Stack Development",
    "companyName": "HUBX",
    "link": "https://internshala.com/internship/detail/mern-stack-development-work-from-home-job-internship-at-hubx1683275244",
    "location": "Work From Home",
    "stipend": "5,000-7,000 /month",
    "description": ""
  },
  {
    "site": "Internshala",
    "title": "AR/VR Development",
    "companyName": "Evva Health",
    "link": "https://internshala.com/internship/detail/ar-vr-development-work-from-home-job-internship-at-evva-health1683280969",
    "location": "Work From Home",
    "stipend": "15,000-30,000 /month",
    "description": ""
  },
  {
    "site": "Internshala",
    "title": "Full Stack App Development (iOS/Android)/AI/ML Development",
    "companyName": "Partify LLC",
    "link": "https://internshala.com/internship/detail/full-stack-app-development-ios-android-ai-ml-development-work-from-home-job-internship-at-partify-llc1683278111",
    "location": "Work From Home",
    "stipend": "10,000-15,000 /month",
    "description": ""
  },
  {
    "site": "Internshala",
    "title": "Software Engineering (.NET)",
    "companyName": "EVision IT Solution Private Limited",
    "link": "https://internshala.com/internship/detail/software-engineering-net-internship-in-multiple-locations-at-evision-it-solution-private-limited1683267466",
    "location": "Mehsana,Sabarkatha,Kheda,Ahmedabad,Gandhinagar",
    "stipend": "2,500-10,000 /month",
    "description": ""
  },
  {
    "site": "Internshala",
    "title": "Software Development",
    "companyName": "IDZ Digital Private Limited",
    "link": "https://internshala.com/internship/detail/software-development-internship-in-multiple-locations-at-idz-digital-private-limited1683272037",
    "location": "Thane,Navi Mumbai,Dombivli,Kalyan,Mumbai,Panvel",
    "stipend": "8,000 /month",
    "description": ""
  },
  {
    "site": "Internshala",
    "title": "Python Development",
    "companyName": "Botlie Software And Consulting Private Limited",
    "link": "https://internshala.com/internship/detail/python-development-work-from-home-job-internship-at-botlie-software-and-consulting-private-limited1683271552",
    "location": "Work From Home",
    "stipend": "2,000-5,000 /month",
    "description": ""
  },
  {
    "site": "Internshala",
    "title": "Unity Game Development",
    "companyName": "IDZ Digital Private Limited",
    "link": "https://internshala.com/internship/detail/unity-game-development-work-from-home-job-internship-at-idz-digital-private-limited1683272069",
    "location": "Work From Home",
    "stipend": "8,000 /month",
    "description": ""
  },
  {
    "site": "Internshala",
    "title": "Java Development",
    "companyName": "IDZ Digital Private Limited",
    "link": "https://internshala.com/internship/detail/java-development-internship-in-multiple-locations-at-idz-digital-private-limited1683271995",
    "location": "Kalyan,Mumbai,Dombivili,Panvel,Thane,Navi Mumbai",
    "stipend": "8,000 /month",
    "description": ""
  },
  {
    "site": "Internshala",
    "title": "Java Development",
    "companyName": "Botlie Software And Consulting Private Limited",
    "link": "https://internshala.com/internship/detail/java-development-work-from-home-job-internship-at-botlie-software-and-consulting-private-limited1683271392",
    "location": "Work From Home",
    "stipend": "2,000-5,000 /month",
    "description": ""
  },
  {
    "site": "Internshala",
    "title": "Deep Learning/Python Development",
    "companyName": "Artenal",
    "link": "https://internshala.com/internship/detail/deep-learning-python-development-work-from-home-job-internship-at-artenal1683211877",
    "location": "Work From Home",
    "stipend": "10,000 /month +  Incentives",
    "description": ""
  },
  {
    "site": "Internshala",
    "title": "React Native Development",
    "companyName": "Cendrol Construction Contracts Private Limited",
    "link": "https://internshala.com/internship/detail/react-native-development-internship-in-bangalore-at-cendrol-construction-contracts-private-limited1683270555",
    "location": "Bangalore",
    "stipend": "8,000 /month",
    "description": ""
  },
  {
    "site": "Internshala",
    "title": "React, React Native & Firebase Development",
    "companyName": "We Code For You",
    "link": "https://internshala.com/internship/detail/react-react-native-firebase-development-work-from-home-job-internship-at-we-code-for-you1683254182",
    "location": "Work From Home",
    "stipend": "1,000 /month",
    "description": ""
  },
  {
    "site": "Internshala",
    "title": "React, React Native & Firebase Development",
    "companyName": "Bolesale Technologies Private Limited",
    "link": "https://internshala.com/internship/detail/react-react-native-firebase-development-work-from-home-job-internship-at-bolesale-technologies-private-limited1683254014",
    "location": "Work From Home",
    "stipend": "1,000 /month",
    "description": ""
  },
  {
    "site": "Internshala",
    "title": "Linux Development",
    "companyName": "VIZON",
    "link": "https://internshala.com/internship/detail/linux-development-work-from-home-job-internship-at-vizon1683261036",
    "location": "Work From Home",
    "stipend": "12,000-24,000 /month",
    "description": ""
  },
  {
    "site": "Internshala",
    "title": "Game Development",
    "companyName": "MentorBoxx",
    "link": "https://internshala.com/internship/detail/game-development-work-from-home-job-internship-at-mentorboxx1683207021",
    "location": "Work From Home",
    "stipend": "18,000 /month",
    "description": ""
  },
  {
    "site": "Internshala",
    "title": "Python Development",
    "companyName": "Botlie Software And Consulting Private Limited",
    "link": "https://internshala.com/internship/detail/python-development-internship-in-noida-at-botlie-software-and-consulting-private-limited1683212373",
    "location": "Noida",
    "stipend": "2,000-5,000 /month",
    "description": ""
  },
  {
    "site": "Internshala",
    "title": "Golang REST API Development",
    "companyName": "Wellfyn",
    "link": "https://internshala.com/internship/detail/golang-rest-api-development-work-from-home-job-internship-at-wellfyn1683189569",
    "location": "Work From Home",
    "stipend": "2,000 /month +  Incentives",
    "description": ""
  },
  {
    "site": "Internshala",
    "title": "ASP.NET Development",
    "companyName": "PrincetonHive",
    "link": "https://internshala.com/internship/detail/aspnet-development-internship-in-ghaziabad-at-princetonhive1683191791",
    "location": "Ghaziabad",
    "stipend": "8,000-10,000 /month",
    "description": ""
  },
  {
    "site": "Internshala",
    "title": "React Native Development",
    "companyName": "Radical tech Support",
    "link": "https://internshala.com/internship/detail/react-native-development-work-from-home-job-internship-at-radical-tech-support1683208357",
    "location": "Work From Home",
    "stipend": "5,000 /month",
    "description": ""
  },
  {
    "site": "Internshala",
    "title": "Flutter Development",
    "companyName": "Connivia Tech Solutions Private Limited",
    "link": "https://internshala.com/internship/detail/flutter-development-internship-in-mumbai-at-connivia-tech-solutions-private-limited1683206893",
    "location": "Mumbai",
    "stipend": "9,000 /month",
    "description": ""
  },
  {
    "site": "Internshala",
    "title": "Software Development",
    "companyName": "Amopa Solutions Private Limited",
    "link": "https://internshala.com/internship/detail/software-development-internship-in-bangalore-at-amopa-solutions-private-limited1683203487",
    "location": "Bangalore",
    "stipend": "6,000 lump sum",
    "description": ""
  },
  {
    "site": "Internshala",
    "title": "Unity VR Development",
    "companyName": "Eternal Reality",
    "link": "https://internshala.com/internship/detail/unity-vr-development-work-from-home-job-internship-at-eternal-reality1683206621",
    "location": "Work From Home",
    "stipend": "5,000 /month",
    "description": ""
  },
  {
    "site": "Internshala",
    "title": "Java Development",
    "companyName": "Botlie Software And Consulting Private Limited",
    "link": "https://internshala.com/internship/detail/java-development-internship-in-noida-at-botlie-software-and-consulting-private-limited1683206274",
    "location": "Noida",
    "stipend": "2,000-5,000 /month",
    "description": ""
  },
  {
    "site": "Internshala",
    "title": "Artificial Intelligence (Machine Learning)",
    "companyName": "Across The Globe (ATG)",
    "link": "https://internshala.com/internship/detail/artificial-intelligence-machine-learning-work-from-home-job-internship-at-across-the-globe-atg1683196177",
    "location": "Work From Home",
    "stipend": "2,500-4,500 /month",
    "description": ""
  },
  {
    "site": "Internshala",
    "title": ".NET Development",
    "companyName": "AppIoT Solutions Private Limited",
    "link": "https://internshala.com/internship/detail/net-development-internship-in-pune-wakad-at-appiot-solutions-private-limited1683186303",
    "location": "Pune,Wakad",
    "stipend": "10,000 /month",
    "description": ""
  },
  {
    "site": "Internshala",
    "title": "3D Character Art",
    "companyName": "X1 Race LLP",
    "link": "https://internshala.com/internship/detail/3d-character-art-work-from-home-job-internship-at-x1-race-llp1683185376",
    "location": "Work From Home",
    "stipend": "20,000-30,000 /month",
    "description": ""
  },
  {
    "site": "Internshala",
    "title": "Computer Vision",
    "companyName": "ZestIOT Technologies Private Limited",
    "link": "https://internshala.com/internship/detail/computer-vision-internship-in-hyderabad-at-zestiot-technologies-private-limited1683182939",
    "location": "Hyderabad",
    "stipend": "10,000 /month",
    "description": ""
  },
  {
    "site": "Internshala",
    "title": "Front End Development (ReactJS)",
    "companyName": "Omikron Technologies Private Limited",
    "link": "https://internshala.com/internship/detail/front-end-development-reactjs-work-from-home-job-internship-at-omikron-technologies-private-limited1683184384",
    "location": "Work From Home",
    "stipend": "10,000 /month",
    "description": ""
  },
  {
    "site": "Internshala",
    "title": "Android Development",
    "companyName": "GIGL Summaries",
    "link": "https://internshala.com/internship/detail/android-development-work-from-home-job-internship-at-gigl-summaries1683176087",
    "location": "Work From Home",
    "stipend": "10,000-15,000 /month",
    "description": ""
  },
  {
    "site": "Internshala",
    "title": "Flutter Development",
    "companyName": "Todquest Enterprises Private Limited",
    "link": "https://internshala.com/internship/detail/flutter-development-internship-in-delhi-noida-at-todquest-enterprises-private-limited1683176072",
    "location": "Delhi,Noida",
    "stipend": "10,000-15,000 /month",
    "description": ""
  },
  {
    "site": "Internshala",
    "title": "Front End Development",
    "companyName": "Unifynd Technologies",
    "link": "https://internshala.com/internship/detail/front-end-development-internship-in-mumbai-at-unifynd-technologies1683101751",
    "location": "Mumbai",
    "stipend": "10,000 /month",
    "description": ""
  },
  {
    "site": "Internshala",
    "title": "Dot Net Development",
    "companyName": "Clay Tech (Clay Logix Private Limited)",
    "link": "https://internshala.com/internship/detail/dot-net-development-internship-in-delhi-at-clay-tech-clay-logix-private-limited1683178009",
    "location": "Delhi",
    "stipend": "8,000-12,000 /month",
    "description": ""
  },
  {
    "site": "Internshala",
    "title": "Content Development (Core Java)",
    "companyName": "CipherSchools",
    "link": "https://internshala.com/internship/detail/content-development-core-java-work-from-home-job-internship-at-cipherschools1683172411",
    "location": "Work From Home",
    "stipend": "25,000-30,000 /month",
    "description": ""
  },
  {
    "site": "Internshala",
    "title": "Software Development",
    "companyName": "Yougetplaced Technology Services",
    "link": "https://internshala.com/internship/detail/software-development-work-from-home-job-internship-at-yougetplaced-technology-services1683169766",
    "location": "Work From Home",
    "stipend": "10,000 /month",
    "description": ""
  },
  {
    "site": "Internshala",
    "title": "Machine Learning",
    "companyName": "CipherSchools",
    "link": "https://internshala.com/internship/detail/machine-learning-work-from-home-job-internship-at-cipherschools1683142113",
    "location": "Work From Home",
    "stipend": "30,000-40,000 /month",
    "description": ""
  },
  {
    "site": "Internshala",
    "title": "Artificial Intelligence (AI)",
    "companyName": "Minus Equals Plus",
    "link": "https://internshala.com/internship/detail/artificial-intelligence-ai-internship-in-delhi-gurgaon-at-minus-equals-plus1683173202",
    "location": "Delhi,Gurgaon",
    "stipend": "10,000 /month",
    "description": ""
  },
  {
    "site": "Internshala",
    "title": "Software Engineering",
    "companyName": "Lincode Labs Private Limited",
    "link": "https://internshala.com/internship/detail/software-engineering-internship-in-bangalore-at-lincode-labs-private-limited1683141495",
    "location": "Bangalore",
    "stipend": "8,000-20,000 /month",
    "description": ""
  },
  {
    "site": "Internshala",
    "title": ".NET Development",
    "companyName": "OkayG",
    "link": "https://internshala.com/internship/detail/net-development-internship-in-ahmedabad-at-okayg1683121926",
    "location": "Ahmedabad",
    "stipend": "8,000 /month",
    "description": ""
  },
  {
    "site": "Internshala",
    "title": "Augmented Reality Development (Unity/Unreal Engine)",
    "companyName": "Astarix Agency LLP",
    "link": "https://internshala.com/internship/detail/augmented-reality-development-unity-unreal-engine-work-from-home-job-internship-at-astarix-agency-llp1683116374",
    "location": "Work From Home",
    "stipend": "8,000 /month",
    "description": ""
  },
  {
    "site": "Internshala",
    "title": "Java Development",
    "companyName": "Elysium Academy",
    "link": "https://internshala.com/internship/detail/java-development-internship-in-coimbatore-at-elysium-academy1683112468",
    "location": "Coimbatore",
    "stipend": "8,000 /month",
    "description": ""
  },
  {
    "site": "Internshala",
    "title": "CodeIgniter & Laravel Development",
    "companyName": "Bridcodes Global Private Limited",
    "link": "https://internshala.com/internship/detail/codeigniter-laravel-development-work-from-home-job-internship-at-bridcodes-global-private-limited1683110500",
    "location": "Work From Home",
    "stipend": "6,000-10,000 /month",
    "description": ""
  },
  {
    "site": "Internshala",
    "title": "Software Engineering",
    "companyName": "TEQIE",
    "link": "https://internshala.com/internship/detail/software-engineering-work-from-home-job-internship-at-teqie1683116207",
    "location": "Work From Home",
    "stipend": "15,000 /month",
    "description": ""
  },
  {
    "site": "Internshala",
    "title": "Computer Vision/Game Development",
    "companyName": "Kontiki Innovation Labs",
    "link": "https://internshala.com/internship/detail/computer-vision-game-development-work-from-home-job-internship-at-kontiki-innovation-labs1682864215",
    "location": "Work From Home",
    "stipend": "20,000-30,000 /month",
    "description": ""
  },
  {
    "site": "Internshala",
    "title": "Sensor Fusion",
    "companyName": "Cendrol Construction Contracts Private Limited",
    "link": "https://internshala.com/internship/detail/sensor-fusion-internship-in-bangalore-at-cendrol-construction-contracts-private-limited1683113850",
    "location": "Bangalore",
    "stipend": "8,000 /month",
    "description": ""
  },
  {
    "site": "Internshala",
    "title": "Flutter Development",
    "companyName": "Gegobyte Technologies Private Limited",
    "link": "https://internshala.com/internship/detail/flutter-development-internship-in-udaipur-at-gegobyte-technologies-private-limited1683098531",
    "location": "Udaipur",
    "stipend": "10,000 /month",
    "description": ""
  },
  {
    "site": "Internshala",
    "title": "Computer Vision",
    "companyName": "Faclon",
    "link": "https://internshala.com/internship/detail/computer-vision-internship-in-mumbai-at-faclon1683113297",
    "location": "Mumbai",
    "stipend": "10,000-20,000 /month",
    "description": ""
  },
  {
    "site": "Internshala",
    "title": "Flutter Development",
    "companyName": "Eulogik",
    "link": "https://internshala.com/internship/detail/flutter-development-internship-in-indore-bhopal-at-eulogik1683104911",
    "location": "Indore,Bhopal",
    "stipend": "6,000-8,000 /month",
    "description": ""
  },
  {
    "site": "Internshala",
    "title": "System Support",
    "companyName": "OCS Services India Private Limited",
    "link": "https://internshala.com/internship/detail/system-support-internship-in-mumbai-at-ocs-services-india-private-limited1683111963",
    "location": "Mumbai",
    "stipend": "10,000 /month",
    "description": ""
  },
  {
    "site": "Internshala",
    "title": "Power Apps",
    "companyName": "KainSkep",
    "link": "https://internshala.com/internship/detail/power-apps-internship-in-jaipur-at-kainskep1683111115",
    "location": "Jaipur",
    "stipend": "5,000 /month",
    "description": ""
  },
  {
    "site": "Internshala",
    "title": "Power Platform Development",
    "companyName": "Localpanda",
    "link": "https://internshala.com/internship/detail/power-platform-development-work-from-home-job-internship-at-localpanda1683110792",
    "location": "Work From Home",
    "stipend": "3,000 /month",
    "description": ""
  },
  {
    "site": "Internshala",
    "title": "Game Development (ThreeJS)",
    "companyName": "Hooman Digital LLP",
    "link": "https://internshala.com/internship/detail/game-development-threejs-work-from-home-job-internship-at-hooman-digital-llp1683107839",
    "location": "Work From Home",
    "stipend": "3,000-5,000 /month",
    "description": ""
  },
  {
    "site": "Internshala",
    "title": "ReactJS",
    "companyName": "QuadB Tech",
    "link": "https://internshala.com/internship/detail/reactjs-work-from-home-job-internship-at-quadb-tech1683106717",
    "location": "Work From Home",
    "stipend": "5,000 /month",
    "description": ""
  },
  {
    "site": "Internshala",
    "title": "Flutter Development",
    "companyName": "HANSRAJ VENTURES PRIVATE LIMITED",
    "link": "https://internshala.com/internship/detail/flutter-development-work-from-home-job-internship-at-hansraj-ventures-private-limited1683028363",
    "location": "Work From Home",
    "stipend": "8,000 /month",
    "description": ""
  },
  {
    "site": "Internshala",
    "title": "Java Development",
    "companyName": "Tax-O-Smart LLP",
    "link": "https://internshala.com/internship/detail/java-development-internship-in-mumbai-at-tax-o-smart-llp1683101351",
    "location": "Mumbai",
    "stipend": "3,000 /month",
    "description": ""
  },
  {
    "site": "Internshala",
    "title": "Flutter Development",
    "companyName": "Nextgen Techno Ventures Private Limited",
    "link": "https://internshala.com/internship/detail/flutter-development-internship-in-mumbai-at-nextgen-techno-ventures-private-limited1683103890",
    "location": "Mumbai",
    "stipend": "15,000-20,000 /month",
    "description": ""
  },
  {
    "site": "Internshala",
    "title": "Flutter Development",
    "companyName": "Skygoal",
    "link": "https://internshala.com/internship/detail/flutter-development-work-from-home-job-internship-at-skygoal1683093451",
    "location": "Work From Home",
    "stipend": "4,000 /month",
    "description": ""
  },
  {
    "site": "Internshala",
    "title": "ASP.NET/C# Development",
    "companyName": "Go Digital Technology Consulting",
    "link": "https://internshala.com/internship/detail/aspnet-c-development-internship-in-mumbai-at-go-digital-technology-consulting1683095488",
    "location": "Mumbai",
    "stipend": "15,000 /month",
    "description": ""
  },
  {
    "site": "Internshala",
    "title": "Software Development",
    "companyName": "Settyl",
    "link": "https://internshala.com/internship/detail/software-development-work-from-home-job-internship-at-settyl1683091927",
    "location": "Work From Home",
    "stipend": "5,000-8,000 /month",
    "description": ""
  },
  {
    "site": "Internshala",
    "title": "Android Development",
    "companyName": "Across The Globe (ATG)",
    "link": "https://internshala.com/internship/detail/android-development-work-from-home-job-internship-at-across-the-globe-atg1683098271",
    "location": "Work From Home",
    "stipend": "2,500 /month +  Incentives",
    "description": ""
  },
  {
    "site": "Internshala",
    "title": "Java Development",
    "companyName": "Go Digital Technology Consulting",
    "link": "https://internshala.com/internship/detail/java-development-internship-in-mumbai-at-go-digital-technology-consulting1683095428",
    "location": "Mumbai",
    "stipend": "15,000 /month",
    "description": ""
  },
  {
    "site": "Internshala",
    "title": "Data Engineering",
    "companyName": "Go Digital Technology Consulting",
    "link": "https://internshala.com/internship/detail/data-engineering-internship-in-pune-mumbai-at-go-digital-technology-consulting1683095396",
    "location": "Pune,Mumbai",
    "stipend": "15,000 /month",
    "description": ""
  },
  {
    "site": "Internshala",
    "title": "NLP & AI Research",
    "companyName": "CamfyVision Innovations",
    "link": "https://internshala.com/internship/detail/nlp-ai-research-internship-in-bangalore-at-camfyvision-innovations1683031713",
    "location": "Bangalore",
    "stipend": "6,000 /month",
    "description": ""
  },
  {
    "site": "Internshala",
    "title": "Flutter Development",
    "companyName": "NextEdge Labs",
    "link": "https://internshala.com/internship/detail/flutter-development-work-from-home-job-internship-at-nextedge-labs1683089705",
    "location": "Work From Home",
    "stipend": "5,000 /month",
    "description": ""
  },
  {
    "site": "Internshala",
    "title": "Software Development",
    "companyName": "After Passout Private Limited",
    "link": "https://internshala.com/internship/detail/software-development-work-from-home-job-internship-at-after-passout-private-limited1683088232",
    "location": "Work From Home",
    "stipend": "10,000 /month",
    "description": ""
  },
  {
    "site": "Internshala",
    "title": "Flutter Development",
    "companyName": "Movio Technologies",
    "link": "https://internshala.com/internship/detail/flutter-development-part-time-job-internship-at-gurgaon-delhi-in-movio-technologies1683060949",
    "location": "Gurgaon,Delhi",
    "stipend": "10,000-15,000 /month",
    "description": ""
  },
  {
    "site": "Internshala",
    "title": ".NET Development",
    "companyName": "KainSkep",
    "link": "https://internshala.com/internship/detail/net-development-internship-in-jaipur-at-kainskep1683027957",
    "location": "Jaipur",
    "stipend": "5,000 /month",
    "description": ""
  },
  {
    "site": "Internshala",
    "title": "ASP.NET Development",
    "companyName": "Prometheus Solutions",
    "link": "https://internshala.com/internship/detail/aspnet-development-work-from-home-job-internship-at-prometheus-solutions1683051044",
    "location": "Work From Home",
    "stipend": "6,000-8,000 /month",
    "description": ""
  },
  {
    "site": "Internshala",
    "title": "Software Testing (Engineering)",
    "companyName": "Invizio Solutions LLP",
    "link": "https://internshala.com/internship/detail/software-testing-engineering-work-from-home-job-internship-at-invizio-solutions-llp1683047927",
    "location": "Work From Home",
    "stipend": "3,500-5,000 /month",
    "description": ""
  },
  {
    "site": "Internshala",
    "title": "Software Development",
    "companyName": "Inquizity",
    "link": "https://internshala.com/internship/detail/software-development-internship-in-navi-mumbai-mumbai-at-inquizity1683032460",
    "location": "Navi Mumbai,Mumbai",
    "stipend": "15,000 /month",
    "description": ""
  },
  {
    "site": "Internshala",
    "title": "Python Development",
    "companyName": "IGuru Immigration",
    "link": "https://internshala.com/internship/detail/python-development-internship-in-pune-at-iguru-immigration1683024550",
    "location": "Pune",
    "stipend": "4,000 /month",
    "description": ""
  },
  {
    "site": "Internshala",
    "title": "React Native Development",
    "companyName": "Solera Life Science Private Limited",
    "link": "https://internshala.com/internship/detail/react-native-development-work-from-home-job-internship-at-solera-life-science-private-limited1683034683",
    "location": "Work From Home",
    "stipend": "5,000-10,000 /month",
    "description": ""
  },
  {
    "site": "Internshala",
    "title": "Unity VR Development",
    "companyName": "Star Watch Technologies",
    "link": "https://internshala.com/internship/detail/unity-vr-development-work-from-home-job-internship-at-star-watch-technologies1683032825",
    "location": "Work From Home",
    "stipend": "8,000-15,000 /month",
    "description": ""
  },
  {
    "site": "Internshala",
    "title": "Software Development (ReactJS, PHP & Laravel)",
    "companyName": "Goldenmace",
    "link": "https://internshala.com/internship/detail/software-development-reactjs-php-laravel-internship-in-mumbai-at-goldenmace1683031785",
    "location": "Mumbai",
    "stipend": "3,000-4,000 /month",
    "description": ""
  },
  {
    "site": "Internshala",
    "title": "Software Development",
    "companyName": "Elixir Equities Private Limited",
    "link": "https://internshala.com/internship/detail/software-development-internship-in-mumbai-at-elixir-equities-private-limited1683029197",
    "location": "Mumbai",
    "stipend": "7,000-12,000 /month",
    "description": ""
  },
  {
    "site": "Internshala",
    "title": "Python Development",
    "companyName": "OpenEduCat",
    "link": "https://internshala.com/internship/detail/python-development-internship-in-ahmedabad-at-openeducat1683021217",
    "location": "Ahmedabad",
    "stipend": "7,500 /month",
    "description": ""
  },
  {
    "site": "Internshala",
    "title": "Game Development (Phaser)",
    "companyName": "MetaXP Private Limited",
    "link": "https://internshala.com/internship/detail/game-development-phaser-work-from-home-job-internship-at-metaxp-private-limited1683027154",
    "location": "Work From Home",
    "stipend": "15,000-30,000 /month",
    "description": ""
  },
  {
    "site": "Internshala",
    "title": "Artificial Intelligence (AI)",
    "companyName": "Digipplus",
    "link": "https://internshala.com/internship/detail/artificial-intelligence-ai-work-from-home-job-internship-at-digipplus1683019298",
    "location": "Work From Home",
    "stipend": "25,000-30,000 /month",
    "description": ""
  },
  {
    "site": "Internshala",
    "title": "Spring Development",
    "companyName": "Onelap Telematics Private Limited",
    "link": "https://internshala.com/internship/detail/spring-development-internship-in-delhi-noida-at-onelap-telematics-private-limited1683014660",
    "location": "Delhi,Noida",
    "stipend": "25,000 /month",
    "description": ""
  },
  {
    "site": "Internshala",
    "title": "AI Expert",
    "companyName": "Interviewknight",
    "link": "https://internshala.com/internship/detail/ai-expert-work-from-home-job-internship-at-interviewknight1682925304",
    "location": "Work From Home",
    "stipend": "1,000 /month +  Incentives",
    "description": ""
  },
  {
    "site": "Internshala",
    "title": ".NET Web App Development",
    "companyName": "Nyx Wolves",
    "link": "https://internshala.com/internship/detail/net-web-app-development-work-from-home-job-internship-at-nyx-wolves1683017081",
    "location": "Work From Home",
    "stipend": "10,000 /month",
    "description": ""
  },
  {
    "site": "Internshala",
    "title": "Game Design",
    "companyName": "KRYS Studio",
    "link": "https://internshala.com/internship/detail/game-design-work-from-home-job-internship-at-krys-studio1683013410",
    "location": "Work From Home",
    "stipend": "10,000 /month",
    "description": ""
  },
  {
    "site": "Internshala",
    "title": "Software Development",
    "companyName": "Influencer Saga",
    "link": "https://internshala.com/internship/detail/software-development-work-from-home-job-internship-at-influencer-saga1682966927",
    "location": "Work From Home",
    "stipend": "2,000 /month +  Incentives",
    "description": ""
  },
  {
    "site": "Internshala",
    "title": "Flutter Development",
    "companyName": "Blackcoffer",
    "link": "https://internshala.com/internship/detail/flutter-development-work-from-home-job-internship-at-blackcoffer1683010115",
    "location": "Work From Home",
    "stipend": "5,000 /month",
    "description": ""
  },
  {
    "site": "Internshala",
    "title": "Artificial Intelligence (AI)",
    "companyName": "Autobot Robotics",
    "link": "https://internshala.com/internship/detail/artificial-intelligence-ai-part-time-job-internship-at-bhopal-in-autobot-robotics1682947121",
    "location": "Bhopal",
    "stipend": "5,000-8,000 /month",
    "description": ""
  },
  {
    "site": "Internshala",
    "title": "Indoor Positioning",
    "companyName": "Cendrol Construction Contracts Private Limited",
    "link": "https://internshala.com/internship/detail/indoor-positioning-internship-in-bangalore-at-cendrol-construction-contracts-private-limited1683008623",
    "location": "Bangalore",
    "stipend": "10,000 /month",
    "description": ""
  },
  {
    "site": "Internshala",
    "title": "Product Support",
    "companyName": "Isourse",
    "link": "https://internshala.com/internship/detail/product-support-internship-in-delhi-at-isourse1683003248",
    "location": "Delhi",
    "stipend": "15,000 /month",
    "description": ""
  },
  {
    "site": "Internshala",
    "title": "Full Stack Software Development (Web & Mobile App)",
    "companyName": "Codeb",
    "link": "https://internshala.com/internship/detail/full-stack-software-development-web-mobile-app-internship-in-mumbai-at-codeb1682999556",
    "location": "Mumbai",
    "stipend": "15,000 /month",
    "description": ""
  },
  {
    "site": "Internshala",
    "title": "Flutter Development",
    "companyName": "BinaryDots Technology Private Limited",
    "link": "https://internshala.com/internship/detail/flutter-development-internship-in-noida-at-binarydots-technology-private-limited1682964173",
    "location": "Noida",
    "stipend": "6,000-10,000 /month",
    "description": ""
  },
  {
    "site": "Internshala",
    "title": "Software Development",
    "companyName": "Polymetal Solutions Private Limited",
    "link": "https://internshala.com/internship/detail/software-development-internship-in-bangalore-at-polymetal-solutions-private-limited1682838144",
    "location": "Bangalore",
    "stipend": "5,000 /month",
    "description": ""
  },
  {
    "site": "Internshala",
    "title": "Software Development Engineering (Web)",
    "companyName": "The Mumbai Mate",
    "link": "https://internshala.com/internship/detail/software-development-engineering-web-internship-in-mumbai-at-the-mumbai-mate1682955515",
    "location": "Mumbai",
    "stipend": "8,000 /month",
    "description": ""
  },
  {
    "site": "Internshala",
    "title": "Flutter Development",
    "companyName": "Kreedy",
    "link": "https://internshala.com/internship/detail/flutter-development-work-from-home-job-internship-at-kreedy1682931444",
    "location": "Work From Home",
    "stipend": "2,000 lump sum +  Incentives",
    "description": ""
  },
  {
    "site": "Internshala",
    "title": "React Native Development",
    "companyName": "Tej",
    "link": "https://internshala.com/internship/detail/react-native-development-work-from-home-job-internship-at-tej1682783943",
    "location": "Work From Home",
    "stipend": "5,000-9,000 /month",
    "description": ""
  },
  {
    "site": "Internshala",
    "title": "3D Game Design",
    "companyName": "Idea Usher",
    "link": "https://internshala.com/internship/detail/3d-game-design-work-from-home-job-internship-at-idea-usher1682920579",
    "location": "Work From Home",
    "stipend": "8,000-12,000 /month",
    "description": ""
  },
  {
    "site": "Internshala",
    "title": "Unreal Development",
    "companyName": "HEXR Factory",
    "link": "https://internshala.com/internship/detail/unreal-development-internship-in-chennai-at-hexr-factory1682914203",
    "location": "Chennai",
    "stipend": "12,000 /month",
    "description": ""
  },
  {
    "site": "Internshala",
    "title": "IOT Development",
    "companyName": "Olus Infomatics",
    "link": "https://internshala.com/internship/detail/iot-development-internship-in-gurgaon-at-olus-infomatics1682920799",
    "location": "Gurgaon",
    "stipend": "12,000 /month",
    "description": ""
  },
  {
    "site": "Internshala",
    "title": "Flutter Development",
    "companyName": "Bosscoder Academy",
    "link": "https://internshala.com/internship/detail/flutter-development-work-from-home-job-internship-at-bosscoder-academy1682911479",
    "location": "Work From Home",
    "stipend": "5,000 /month",
    "description": ""
  },
  {
    "site": "Internshala",
    "title": "Software Development Engineering (Web)",
    "companyName": "Softgenics India Private Limited",
    "link": "https://internshala.com/internship/detail/software-development-engineering-web-part-time-job-internship-at-patna-in-softgenics-india-private-limited1682749730",
    "location": "Patna",
    "stipend": "5,000 /month",
    "description": ""
  },
  {
    "site": "Internshala",
    "title": "ASP.NET Development",
    "companyName": "Blackcoffer",
    "link": "https://internshala.com/internship/detail/aspnet-development-work-from-home-job-internship-at-blackcoffer1682861702",
    "location": "Work From Home",
    "stipend": "6,000-12,000 /month",
    "description": ""
  },
  {
    "site": "Internshala",
    "title": "Embedded Linux Development",
    "companyName": "Countai Pvt Ltd",
    "link": "https://internshala.com/internship/detail/embedded-linux-development-internship-in-coimbatore-at-countai-pvt-ltd1682855213",
    "location": "Coimbatore",
    "stipend": "10,000 /month",
    "description": ""
  },
  {
    "site": "Internshala",
    "title": "Photo Editing",
    "companyName": "Memorable Indian Weddings",
    "link": "https://internshala.com/internship/detail/photo-editing-part-time-job-internship-at-delhi-in-memorable-indian-weddings1682851866",
    "location": "Delhi",
    "stipend": "1,000 /week +  Incentives",
    "description": ""
  },
  {
    "site": "Internshala",
    "title": "Flutter Development",
    "companyName": "ForAll A-Tech",
    "link": "https://internshala.com/internship/detail/flutter-development-internship-in-bhopal-at-forall-a-tech1682839904",
    "location": "Bhopal",
    "stipend": "3,000-5,000 /month",
    "description": ""
  },
  {
    "site": "Internshala",
    "title": "Python/Django & React Engineering",
    "companyName": "The Agency Source",
    "link": "https://internshala.com/internship/detail/python-django-react-engineering-internship-in-delhi-at-the-agency-source1682835933",
    "location": "Delhi",
    "stipend": "10,000 /month",
    "description": ""
  },
  {
    "site": "Internshala",
    "title": "Unity Development",
    "companyName": "Bipolar Factory",
    "link": "https://internshala.com/internship/detail/unity-development-work-from-home-job-internship-at-bipolar-factory1682746852",
    "location": "Work From Home",
    "stipend": "10,000-14,000 /month",
    "description": ""
  },
  {
    "site": "Internshala",
    "title": ".NET Development",
    "companyName": "PrincetonHive",
    "link": "https://internshala.com/internship/detail/net-development-internship-in-ghaziabad-at-princetonhive1682747718",
    "location": "Ghaziabad",
    "stipend": "5,000 /month",
    "description": ""
  },
  {
    "site": "Internshala",
    "title": "PHP Web Development",
    "companyName": "Sensor Equation",
    "link": "https://internshala.com/internship/detail/php-web-development-work-from-home-job-internship-at-sensor-equation1682766455",
    "location": "Work From Home",
    "stipend": "4,000-8,000 /month",
    "description": ""
  },
  {
    "site": "Internshala",
    "title": "Flutter Development",
    "companyName": "M3 Avenue Associates Private Limited",
    "link": "https://internshala.com/internship/detail/flutter-development-internship-in-hyderabad-kondapur-at-m3-avenue-associates-private-limited1682766381",
    "location": "Hyderabad,Kondapur",
    "stipend": "2,000-5,000 /month",
    "description": ""
  },
  {
    "site": "Internshala",
    "title": "ASP.NET Development",
    "companyName": "Tenacious Techies",
    "link": "https://internshala.com/internship/detail/aspnet-development-internship-in-surat-at-tenacious-techies1682757120",
    "location": "Surat",
    "stipend": "10,000-15,000 /month",
    "description": ""
  },
  {
    "site": "Internshala",
    "title": "AI & Data Science",
    "companyName": "Indika AI Private Limited",
    "link": "https://internshala.com/internship/detail/ai-data-science-internship-in-delhi-at-indika-ai-private-limited1682750442",
    "location": "Delhi",
    "stipend": "3,000-6,000 /month",
    "description": ""
  },
  {
    "site": "Internshala",
    "title": "Prompt Engineering",
    "companyName": "Quizzy",
    "link": "https://internshala.com/internship/detail/prompt-engineering-work-from-home-job-internship-at-quizzy1682744829",
    "location": "Work From Home",
    "stipend": "7,500 /month",
    "description": ""
  },
  {
    "site": "Internshala",
    "title": "AI Development",
    "companyName": "VIZON",
    "link": "https://internshala.com/internship/detail/ai-development-work-from-home-job-internship-at-vizon1682744344",
    "location": "Work From Home",
    "stipend": "10,000-20,000 /month",
    "description": ""
  },
  {
    "site": "Internshala",
    "title": "Artificial Intelligence/Machine Learning",
    "companyName": "Wolooka Technologies Private Limited (Testwin)",
    "link": "https://internshala.com/internship/detail/artificial-intelligence-machine-learning-internship-in-jaipur-at-wolooka-technologies-private-limited-testwin1682743132",
    "location": "Jaipur",
    "stipend": "10,000 /month",
    "description": ""
  },
  {
    "site": "Internshala",
    "title": "Backend & ML Development",
    "companyName": "COSGrid Systems Private Limited",
    "link": "https://internshala.com/internship/detail/backend-ml-development-internship-in-chennai-at-cosgrid-systems-private-limited1682738417",
    "location": "Chennai",
    "stipend": "18,000-25,000 /month",
    "description": ""
  },
  {
    "site": "Internshala",
    "title": "Game Development",
    "companyName": "Anywhere Market",
    "link": "https://internshala.com/internship/detail/game-development-work-from-home-job-internship-at-anywhere-market1682719143",
    "location": "Work From Home",
    "stipend": "1,000 /month",
    "description": ""
  },
  {
    "site": "Internshala",
    "title": "UI Design (Game)",
    "companyName": "Mindful Gurukul Private Limited",
    "link": "https://internshala.com/internship/detail/ui-design-game-work-from-home-job-internship-at-mindful-gurukul-private-limited1682694619",
    "location": "Work From Home",
    "stipend": "1,000 lump sum",
    "description": ""
  },
  {
    "site": "Internshala",
    "title": "Full Stack Software Engineering",
    "companyName": "Nioclass",
    "link": "https://internshala.com/internship/detail/full-stack-software-engineering-internship-in-delhi-at-nioclass1682685759",
    "location": "Delhi",
    "stipend": "11,000-15,000 /month",
    "description": ""
  },
  {
    "site": "Internshala",
    "title": "AI & Data Science",
    "companyName": "Nioclass",
    "link": "https://internshala.com/internship/detail/ai-data-science-internship-in-delhi-at-nioclass1682685447",
    "location": "Delhi",
    "stipend": "8,000-15,000 /month",
    "description": ""
  },
  {
    "site": "Internshala",
    "title": "Web Development",
    "companyName": "PIPS POINT TRADING ACADEMY",
    "link": "https://internshala.com/internship/detail/web-development-internship-in-kozhikode-at-pips-point-trading-academy1682683099",
    "location": "Kozhikode",
    "stipend": "2,000 /month",
    "description": ""
  },
  {
    "site": "Internshala",
    "title": "Mean Development",
    "companyName": "Good Tech Mind",
    "link": "https://internshala.com/internship/detail/mean-development-work-from-home-job-internship-at-good-tech-mind1682681977",
    "location": "Work From Home",
    "stipend": "3,000 /month",
    "description": ""
  },
  {
    "site": "Internshala",
    "title": "Software Development",
    "companyName": "IESoft Technologies Private Limited",
    "link": "https://internshala.com/internship/detail/software-development-work-from-home-job-internship-at-iesoft-technologies-private-limited1682681038",
    "location": "Work From Home",
    "stipend": "20,000 /month",
    "description": ""
  },
  {
    "site": "Internshala",
    "title": "Computer Vision",
    "companyName": "Countai Pvt Ltd",
    "link": "https://internshala.com/internship/detail/computer-vision-internship-in-coimbatore-at-countai-pvt-ltd1682681033",
    "location": "Coimbatore",
    "stipend": "10,000 /month",
    "description": ""
  },
  {
    "site": "Internshala",
    "title": "Software Training",
    "companyName": "UrbanDart",
    "link": "https://internshala.com/internship/detail/software-training-internship-in-hyderabad-at-urbandart1682675881",
    "location": "Hyderabad",
    "stipend": "4,000 /month",
    "description": ""
  },
  {
    "site": "Internshala",
    "title": "ReactJS Development",
    "companyName": "Boostup Digital",
    "link": "https://internshala.com/internship/detail/reactjs-development-work-from-home-job-internship-at-boostup-digital1682671033",
    "location": "Work From Home",
    "stipend": "3,000-12,000 /month",
    "description": ""
  },
  {
    "site": "Internshala",
    "title": ".NET Development",
    "companyName": "APPic",
    "link": "https://internshala.com/internship/detail/net-development-internship-in-mumbai-at-appic1682663858",
    "location": "Mumbai",
    "stipend": "5,000 /month",
    "description": ""
  },
  {
    "site": "Internshala",
    "title": "GUI Design And Development",
    "companyName": "Bio Spectronics Pvt. Ltd",
    "link": "https://internshala.com/internship/detail/gui-design-and-development-internship-in-nagpur-at-bio-spectronics-pvt-ltd1682662610",
    "location": "Nagpur",
    "stipend": "5,000 /month",
    "description": ""
  },
  {
    "site": "Internshala",
    "title": "Software Engineering",
    "companyName": "Tilicho Fintech Private Limited",
    "link": "https://internshala.com/internship/detail/software-engineering-work-from-home-job-internship-at-tilicho-fintech-private-limited1682662499",
    "location": "Work From Home",
    "stipend": "5,000 /month",
    "description": ""
  },
  {
    "site": "Internshala",
    "title": "AI (Cloud Security Detection)",
    "companyName": "Securigeek",
    "link": "https://internshala.com/internship/detail/ai-cloud-security-detection-work-from-home-job-internship-at-securigeek1682659726",
    "location": "Work From Home",
    "stipend": "8,000-20,000 /month",
    "description": ""
  },
  {
    "site": "Internshala",
    "title": ".NET Development",
    "companyName": "NatWest Group",
    "link": "https://internshala.com/internship/detail/net-development-internship-in-gurgaon-at-natwest-group1682653554",
    "location": "Gurgaon",
    "stipend": "45,000 /month",
    "description": ""
  },
  {
    "site": "Internshala",
    "title": "ASP.NET Development",
    "companyName": "TruckSuvidha",
    "link": "https://internshala.com/internship/detail/aspnet-development-internship-in-ghaziabad-at-trucksuvidha1682593493",
    "location": "Ghaziabad",
    "stipend": "8,000 /month",
    "description": ""
  },
  {
    "site": "Internshala",
    "title": "3D Design",
    "companyName": "Star Watch Technologies",
    "link": "https://internshala.com/internship/detail/3d-design-work-from-home-job-internship-at-star-watch-technologies1682598320",
    "location": "Work From Home",
    "stipend": "8,000-15,000 /month",
    "description": ""
  },
  {
    "site": "Internshala",
    "title": "Power BI Development",
    "companyName": "Namasys Private Limited",
    "link": "https://internshala.com/internship/detail/power-bi-development-work-from-home-job-internship-at-namasys-private-limited1682597484",
    "location": "Work From Home",
    "stipend": "10,000 /month",
    "description": ""
  },
  {
    "site": "Internshala",
    "title": "Tableau Development",
    "companyName": "Namasys Private Limited",
    "link": "https://internshala.com/internship/detail/tableau-development-work-from-home-job-internship-at-namasys-private-limited1682596591",
    "location": "Work From Home",
    "stipend": "10,000 /month",
    "description": ""
  },
  {
    "site": "Internshala",
    "title": "API Management",
    "companyName": "Darwin Digitech",
    "link": "https://internshala.com/internship/detail/api-management-work-from-home-job-internship-at-darwin-digitech1682587561",
    "location": "Work From Home",
    "stipend": "7,000-8,000 /month",
    "description": ""
  },
  {
    "site": "Internshala",
    "title": "Artificial Intelligence (AI)",
    "companyName": "HELIUM CORPORATION",
    "link": "https://internshala.com/internship/detail/artificial-intelligence-ai-internship-in-ahmedabad-at-helium-corporation1682593579",
    "location": "Ahmedabad",
    "stipend": "10,000 /month",
    "description": ""
  },
  {
    "site": "Internshala",
    "title": "Emulator Automation",
    "companyName": "Free-thesis.com",
    "link": "https://internshala.com/internship/detail/emulator-automation-internship-in-gurgaon-at-free-thesiscom1682590778",
    "location": "Gurgaon",
    "stipend": "11,000 /month",
    "description": ""
  },
  {
    "site": "Internshala",
    "title": "Game Development",
    "companyName": "Red Apple Learning",
    "link": "https://internshala.com/internship/detail/game-development-internship-in-kolkata-at-red-apple-learning1682590574",
    "location": "Kolkata",
    "stipend": "8,000 /month +  Incentives",
    "description": ""
  },
  {
    "site": "Internshala",
    "title": "Artificial Intelligence/Machine Learning",
    "companyName": "Judge India Solutions Pvt. Ltd.",
    "link": "https://internshala.com/internship/detail/artificial-intelligence-machine-learning-internship-in-noida-at-judge-india-solutions-pvt-ltd1682587413",
    "location": "Noida",
    "stipend": "10,000 /month",
    "description": ""
  },
  {
    "site": "Internshala",
    "title": "Integration & Prototyping",
    "companyName": "AutoMicroUAS AEROTECH",
    "link": "https://internshala.com/internship/detail/integration-prototyping-part-time-job-internship-at-bangalore-in-automicrouas-aerotech1682584161",
    "location": "Bangalore",
    "stipend": "3,000 /month",
    "description": ""
  },
  {
    "site": "Internshala",
    "title": "Artificial Intelligence Engineering",
    "companyName": "Stareout Games",
    "link": "https://internshala.com/internship/detail/artificial-intelligence-engineering-internship-in-hyderabad-at-stareout-games1682583159",
    "location": "Hyderabad",
    "stipend": "15,000 /month",
    "description": ""
  },
  {
    "site": "Internshala",
    "title": "Mobile App Development (React Native)",
    "companyName": "Redpositive Service (OPC) Private Limited",
    "link": "https://internshala.com/internship/detail/mobile-app-development-react-native-work-from-home-job-internship-at-redpositive-service-opc-private-limited1682572483",
    "location": "Work From Home",
    "stipend": "2,000-7,000 /month",
    "description": ""
  },
  {
    "site": "Internshala",
    "title": "Unity 3D Development",
    "companyName": "Ink In Caps",
    "link": "https://internshala.com/internship/detail/unity-3d-development-internship-in-mumbai-at-ink-in-caps1682571232",
    "location": "Mumbai",
    "stipend": "8,000-12,000 /month",
    "description": ""
  },
  {
    "site": "Internshala",
    "title": "Augmented Reality and AI",
    "companyName": "ScriptEdge Private Limited",
    "link": "https://internshala.com/internship/detail/augmented-reality-and-ai-work-from-home-job-internship-at-scriptedge-private-limited1682576741",
    "location": "Work From Home",
    "stipend": "Unpaid",
    "description": ""
  },
  {
    "site": "Internshala",
    "title": "Flutter Development",
    "companyName": "Nextgen Techno Ventures Private Limited",
    "link": "https://internshala.com/internship/detail/flutter-development-internship-in-mumbai-at-nextgen-techno-ventures-private-limited1682518403",
    "location": "Mumbai",
    "stipend": "10,000-20,000 /month",
    "description": ""
  },
  {
    "site": "Internshala",
    "title": "Software Development",
    "companyName": "Blackcoffer",
    "link": "https://internshala.com/internship/detail/software-development-work-from-home-job-internship-at-blackcoffer1682523938",
    "location": "Work From Home",
    "stipend": "6,000-12,000 /month",
    "description": ""
  },
  {
    "site": "Internshala",
    "title": "Python Development",
    "companyName": "Actowiz Solutions",
    "link": "https://internshala.com/internship/detail/python-development-internship-in-ahmedabad-at-actowiz-solutions1682524266",
    "location": "Ahmedabad",
    "stipend": "5,000 /month",
    "description": ""
  },
  {
    "site": "Internshala",
    "title": "Unity Development",
    "companyName": "HololabXR",
    "link": "https://internshala.com/internship/detail/unity-development-internship-in-jabalpur-at-hololabxr1682514097",
    "location": "Jabalpur",
    "stipend": "2,000 /month",
    "description": ""
  },
  {
    "site": "Internshala",
    "title": "Game Testing",
    "companyName": "IDZ Digital Private Limited",
    "link": "https://internshala.com/internship/detail/game-testing-internship-in-multiple-locations-at-idz-digital-private-limited1682511950",
    "location": "Thane,Navi Mumbai,Dombivli,Kalyan,Mumbai,Panvel",
    "stipend": "8,000 /month",
    "description": ""
  },
  {
    "site": "Internshala",
    "title": "PowerBI Development",
    "companyName": "BlueTide Solutions Private Limited",
    "link": "https://internshala.com/internship/detail/powerbi-development-internship-in-gurgaon-at-bluetide-solutions-pvt-ltd1682510748",
    "location": "Gurgaon",
    "stipend": "15,000 /month",
    "description": ""
  },
  {
    "site": "Internshala",
    "title": "Flutter Development",
    "companyName": "Ourlib",
    "link": "https://internshala.com/internship/detail/flutter-development-internship-in-pune-at-ourlib1682502083",
    "location": "Pune",
    "stipend": "10,000 /month",
    "description": ""
  },
  {
    "site": "Internshala",
    "title": "Flutter Development",
    "companyName": "EzTruck Logistics",
    "link": "https://internshala.com/internship/detail/flutter-development-internship-in-bhubaneswar-at-eztruck-logistics1682498947",
    "location": "Bhubaneswar",
    "stipend": "5,000 /month",
    "description": ""
  },
  {
    "site": "Internshala",
    "title": "React Native Development",
    "companyName": "Brained.app",
    "link": "https://internshala.com/internship/detail/react-native-development-internship-in-ahmedabad-mumbai-at-brainedapp1682502862",
    "location": "Ahmedabad,Mumbai",
    "stipend": "5,000 /month",
    "description": ""
  },
  {
    "site": "Internshala",
    "title": "Laravel Development",
    "companyName": "Sofitgrow Solution Private Limited",
    "link": "https://internshala.com/internship/detail/laravel-development-internship-in-jaipur-at-sofitgrow-solution-private-limited1682501317",
    "location": "Jaipur",
    "stipend": "2,000 /month",
    "description": ""
  },
  {
    "site": "Internshala",
    "title": "Linux Administration",
    "companyName": "VGics Global",
    "link": "https://internshala.com/internship/detail/linux-administration-internship-in-noida-at-vgics-global1682500892",
    "location": "Noida",
    "stipend": "10,000 /month",
    "description": ""
  },
  {
    "site": "Internshala",
    "title": "Application Monitoring (Linux)",
    "companyName": "Enfusion",
    "link": "https://internshala.com/internship/detail/application-monitoring-linux-internship-in-mumbai-at-enfusion1682449339",
    "location": "Mumbai",
    "stipend": "20,000 /month",
    "description": ""
  },
  {
    "site": "Internshala",
    "title": "ASP.NET Development",
    "companyName": "Dupat Infotronicx Private Limited",
    "link": "https://internshala.com/internship/detail/aspnet-development-internship-in-ahmedabad-at-dupat-infotronicx-private-limited1682484715",
    "location": "Ahmedabad",
    "stipend": "5,000 /month",
    "description": ""
  },
  {
    "site": "Internshala",
    "title": "Unreal Engine Development",
    "companyName": "NMS Games Private Limited",
    "link": "https://internshala.com/internship/detail/unreal-engine-development-work-from-home-job-internship-at-nms-games-private-limited1682486890",
    "location": "Work From Home",
    "stipend": "5,000 /month",
    "description": ""
  },
  {
    "site": "Internshala",
    "title": "Software Development",
    "companyName": "ChangeJar Technologies Private Limited",
    "link": "https://internshala.com/internship/detail/software-development-internship-in-bangalore-at-changejar-technologies-private-limited1682490823",
    "location": "Bangalore",
    "stipend": "30,000-50,000 /month",
    "description": ""
  },
  {
    "site": "Internshala",
    "title": ".NET Development",
    "companyName": "Cyberathon",
    "link": "https://internshala.com/internship/detail/net-development-internship-in-nagpur-at-cyberathon1682422232",
    "location": "Nagpur",
    "stipend": "3,000 /month",
    "description": ""
  },
  {
    "site": "Internshala",
    "title": "Robotics",
    "companyName": "Otomatiks Robotics Academy",
    "link": "https://internshala.com/internship/detail/robotics-internship-in-chennai-vellore-at-otomatiks-robotics-academy1682487486",
    "location": "Chennai,Vellore",
    "stipend": "7,000-15,000 /month",
    "description": ""
  },
  {
    "site": "Internshala",
    "title": "Python Development (AI & Machine Learning)",
    "companyName": "3iii",
    "link": "https://internshala.com/internship/detail/python-development-ai-machine-learning-work-from-home-job-internship-at-3iii1682488906",
    "location": "Work From Home",
    "stipend": "8,000-10,000 /month",
    "description": ""
  },
  {
    "site": "Internshala",
    "title": "Flutter Development",
    "companyName": "Maa Gayatri Manufacturing Industry",
    "link": "https://internshala.com/internship/detail/flutter-development-work-from-home-job-internship-at-maa-gayatri-manufacturing-industry1682408062",
    "location": "Work From Home",
    "stipend": "4,000 /month",
    "description": ""
  },
  {
    "site": "Internshala",
    "title": "App Development With Game Development",
    "companyName": "App Successor",
    "link": "https://internshala.com/internship/detail/app-development-with-game-development-internship-in-noida-at-app-successor1682428499",
    "location": "Noida",
    "stipend": "10,000-15,000 /month",
    "description": ""
  },
  {
    "site": "Internshala",
    "title": "Flutter Development",
    "companyName": "Webknot Technologies Private Limited",
    "link": "https://internshala.com/internship/detail/flutter-development-work-from-home-job-internship-at-webknot-technologies-private-limited1682425079",
    "location": "Work From Home",
    "stipend": "10,000-15,000 /month",
    "description": ""
  },
  {
    "site": "Internshala",
    "title": ".NET Development",
    "companyName": "Twin Leaves E-commerce Technology India Private Limited",
    "link": "https://internshala.com/internship/detail/net-development-internship-in-bangalore-at-twin-leaves-e-commerce-technology-india-private-limited1682424701",
    "location": "Bangalore",
    "stipend": "15,000 /month",
    "description": ""
  },
  {
    "site": "Internshala",
    "title": "Machine Learning",
    "companyName": "Buddha Education Association Incorporation",
    "link": "https://internshala.com/internship/detail/machine-learning-work-from-home-job-internship-at-buddha-education-association-incorporation1682417911",
    "location": "Work From Home",
    "stipend": "21,000 /month",
    "description": ""
  },
  {
    "site": "Internshala",
    "title": "LLM Fine-tuning & Transformers",
    "companyName": "ML Concepts",
    "link": "https://internshala.com/internship/detail/llm-fine-tuning-transformers-work-from-home-job-internship-at-ml-concepts1682419768",
    "location": "Work From Home",
    "stipend": "3,000 /month",
    "description": ""
  },
  {
    "site": "Internshala",
    "title": "Research Engineering - Generative AI",
    "companyName": "GDAS",
    "link": "https://internshala.com/internship/detail/research-engineering-generative-ai-work-from-home-job-internship-at-gdas1682417767",
    "location": "Work From Home",
    "stipend": "15,000-25,000 /month",
    "description": ""
  },
  {
    "site": "Internshala",
    "title": "Flutter Development",
    "companyName": "Webingo Infotech Solutions LLP",
    "link": "https://internshala.com/internship/detail/flutter-development-part-time-job-internship-at-kolkata-in-webingo-infotech-solutions-llp1682409975",
    "location": "Kolkata",
    "stipend": "5,000-7,000 /month",
    "description": ""
  },
  {
    "site": "Internshala",
    "title": "Software Engineering - Full Stack",
    "companyName": "Terra Economics Analysis Lab",
    "link": "https://internshala.com/internship/detail/software-engineering-full-stack-internship-in-bangalore-at-terra-economics-analysis-lab1682415874",
    "location": "Bangalore",
    "stipend": "20,000-30,000 /month",
    "description": ""
  },
  {
    "site": "Internshala",
    "title": "Full Stack AI",
    "companyName": "Persist Ventures",
    "link": "https://internshala.com/internship/detail/full-stack-ai-work-from-home-job-internship-at-persist-ventures1682412741",
    "location": "Work From Home",
    "stipend": "20,000 /month",
    "description": ""
  },
  {
    "site": "Internshala",
    "title": "Game Environment Creation And Design",
    "companyName": "Hooman Digital LLP",
    "link": "https://internshala.com/internship/detail/game-environment-creation-and-design-work-from-home-job-internship-at-hooman-digital-llp1682403982",
    "location": "Work From Home",
    "stipend": "3,000-5,000 /month",
    "description": ""
  },
  {
    "site": "Internshala",
    "title": "Artificial Intelligence (AI)",
    "companyName": "Labour Law Advisor",
    "link": "https://internshala.com/internship/detail/artificial-intelligence-ai-work-from-home-job-internship-at-labour-law-advisor1682324050",
    "location": "Work From Home",
    "stipend": "4,000 /month",
    "description": ""
  },
  {
    "site": "Internshala",
    "title": "Computer Vision/NLP/Deep Learning",
    "companyName": "Shyena Tech Yarns Private Limited",
    "link": "https://internshala.com/internship/detail/computer-vision-nlp-deep-learning-internship-in-pune-at-shyena-tech-yarns-private-limited1682336773",
    "location": "Pune",
    "stipend": "2,000 /month",
    "description": ""
  },
  {
    "site": "Internshala",
    "title": "Data Science Research",
    "companyName": "INSAID",
    "link": "https://internshala.com/internship/detail/data-science-research-work-from-home-job-internship-at-insaid1682344948",
    "location": "Work From Home",
    "stipend": "15,000 /month",
    "description": ""
  },
  {
    "site": "Internshala",
    "title": "Java And DevOps Development",
    "companyName": "Aaptatt",
    "link": "https://internshala.com/internship/detail/java-and-devops-development-internship-in-gurgaon-at-aaptatt1682337187",
    "location": "Gurgaon",
    "stipend": "20,000 /month",
    "description": ""
  },
  {
    "site": "Internshala",
    "title": "Virtual Reality Gaming",
    "companyName": "Bamigos",
    "link": "https://internshala.com/internship/detail/virtual-reality-gaming-part-time-job-internship-at-delhi-in-bamigos1682335676",
    "location": "Delhi",
    "stipend": "9,000 /month",
    "description": ""
  },
  {
    "site": "Internshala",
    "title": "Natural Language Processing Integration (ChatGPT)",
    "companyName": "Brew Crypto LLC",
    "link": "https://internshala.com/internship/detail/natural-language-processing-integration-chatgpt-work-from-home-job-internship-at-brew-crypto-llc1682335647",
    "location": "Work From Home",
    "stipend": "1,000 /month",
    "description": ""
  }
]